Year,RoundName,MatchId,Player,WebsiteId,Team,Abbreviation,Image,Rating_Q1,Rating_Q2,Rating_Q3,Rating_Q4,RatingPoints,EstimatedRating,Equity_PreClearance,Equity_PostClearance,Equity_Possession,Equity_BallUse,CoachesVotes,Supercoach,DreamTeamPoints,ExpVotes,Votes3,TimeOnGround,Kicks,Handballs,Disposals,DisposalEfficiency,MetresGained,AssistedMetresGained,Inside50s,Turnovers,Tackles,PressureActs,KickIns,ContestedPossessions,GroundBallGets,PostClearanceContestedPossessions,PostClearanceGroundBallGets,HandballReceives,Intercepts,Marks,ContestedMarks,InterceptMarks,CentreBounceAttendancePercentage,TotalClearances,FirstPossessions,RuckContests,Hitouts,HitoutsToAdvantage,ShotsAtGoal,Goals,Behinds,xScore,xScoreRating,GoalAssists,ScoreInvolvements,ScoreLaunches
2026,Round 15,20261501,Shannon Neale,140af71,Geelong,Geel,images/afl_logos/Geel-40.png,7.5,4,2.4,5.5,19.4,8.77,1.2,15.6,9.2,8.3,0,97,68,0,0,95,6,4,10,90,233,110,4,3,4,17,0,8,3,7,2,1,2,5,4,0,0,1,0,6,1,1,2,2,0,7.2,4.8,1,4,0
2026,Round 15,20261501,Luke Jackson,14093f7,Fremantle,Frem,images/afl_logos/Frem-40.png,3.9,2,6.9,4.4,17.1,14.54,4.6,7.4,10.7,1,10,176,166,2.74,75,80,13,15,28,64.3,337,244,5,10,9,23,0,15,8,5,4,7,2,5,1,1,75,6,10,57,25,7,3,3,0,14.5,3.5,0,9,2
2026,Round 15,20261501,Max Holmes,140ad51,Geelong,Geel,images/afl_logos/Geel-40.png,6.2,3.1,0.7,5.1,15.1,14.54,3.2,6.8,7,4.3,2,128,91,0.16,0,80,17,10,27,77.8,597,374,7,9,4,29,4,8,6,4,3,12,4,3,0,0,66,5,4,0,0,0,0,0,0,0,0,3,5,2
2026,Round 15,20261501,Mark O'Connor,1408afe,Geelong,Geel,images/afl_logos/Geel-40.png,1.9,7.7,0.1,4.5,14.1,6.86,0.6,12.3,5.2,7.7,0,65,45,0,0,81,8,6,14,92.9,255,308,0,0,0,12,0,7,7,6,6,3,6,3,0,0,0,1,0,0,0,0,0,0,0,0,0,0,5,2
2026,Round 15,20261501,Patrick Voss,140b49a,Fremantle,Frem,images/afl_logos/Frem-40.png,5.7,4.6,3.2,-0.3,13.2,7.4,0.1,12.1,5.4,6.6,0,78,59,0.01,0,88,8,3,11,72.7,266,110,2,1,2,14,0,5,3,5,3,2,1,3,0,0,0,0,0,0,0,0,4,2,1,12.1,0.9,0,7,1
2026,Round 15,20261501,George Stevens,140cbc1,Geelong,Geel,images/afl_logos/Geel-40.png,0.7,7.2,3.4,1.6,12.9,6.75,6.2,4.2,3.8,6.5,0,78,69,0.02,0,62,9,9,18,66.7,309,335,1,1,2,6,0,7,4,0,0,7,0,3,0,0,53,5,7,0,0,0,1,1,0,3.1,2.9,0,6,0
2026,Round 15,20261501,Patrick Dangerfield,22a6c5,Geelong,Geel,images/afl_logos/Geel-40.png,5.3,0.8,1.8,4.4,12.3,9.56,6.6,2.8,7.7,1.7,0,61,50,0.01,0,71,9,11,20,50,401,89,8,5,0,9,0,14,12,5,5,3,3,0,0,0,50,4,7,0,0,0,1,0,1,2.7,-1.7,1,3,1
2026,Round 15,20261501,Caleb Serong,140940c,Fremantle,Frem,images/afl_logos/Frem-40.png,1.4,3.4,3.6,3.5,11.8,14.81,7.9,0.9,4.2,4.6,0,70,64,0.05,0,66,11,11,22,68.2,244,135,2,5,0,16,0,8,5,2,2,11,2,1,0,0,53,4,5,0,0,0,2,1,0,5.7,0.3,1,5,2
2026,Round 15,20261501,Tom Atkins,2db0d2,Geelong,Geel,images/afl_logos/Geel-40.png,3.9,0.8,3,3.8,11.5,11.15,4.1,4.4,7.4,1.8,0,80,67,0.01,0,78,11,10,21,57.1,352,136,5,5,5,20,0,9,9,5,5,8,4,0,0,0,78,3,3,0,0,0,0,0,0,0,0,1,2,1
2026,Round 15,20261501,Tanner Bruhn,140a145,Geelong,Geel,images/afl_logos/Geel-40.png,5.2,1.5,2.3,2.2,11.2,8.32,0.4,5.9,5.3,1.5,0,110,97,0.03,0,71,14,12,26,65.4,395,341,5,5,6,19,0,7,6,4,4,15,4,3,0,0,28,3,2,0,0,0,0,0,0,0,0,2,6,2
2026,Round 15,20261501,Andrew Brayshaw,14077f8,Fremantle,Frem,images/afl_logos/Frem-40.png,1.4,4,3.7,1.6,10.6,12.5,4.3,8,6.6,5.2,8,111,132,2.18,25,84,13,22,35,77.1,453,496,3,4,7,17,0,9,4,5,3,19,6,6,0,1,75,4,3,0,0,0,0,0,0,0,0,0,7,1
2026,Round 15,20261501,Murphy Reid,140dea1,Fremantle,Frem,images/afl_logos/Frem-40.png,4.4,0.5,1.2,4.5,10.6,10.92,-0.1,7.8,4.4,3.7,5,110,97,0.46,0,82,18,9,27,77.8,412,522,7,4,1,13,0,6,5,4,4,13,4,5,0,0,59,2,2,0,0,0,3,1,2,8.7,-0.7,0,8,2
2026,Round 15,20261501,Alex Pearce,231229,Fremantle,Frem,images/afl_logos/Frem-40.png,1.6,6,0.6,2,10.2,7.54,0,9.7,10.5,0.4,3,83,74,0.1,0,91,11,7,18,83.3,123,281,0,3,0,0,0,6,3,6,3,3,11,11,3,7,0,0,0,0,0,0,0,0,0,0,0,0,5,5
2026,Round 15,20261501,Isaiah Dudley,1409c66,Fremantle,Frem,images/afl_logos/Frem-40.png,0.6,2.6,6.2,0.4,9.8,7.54,0.9,7,3.4,4.5,0,56,41,0,0,76,4,3,7,71.4,95,72,1,1,4,10,0,3,2,1,0,3,1,0,0,0,0,1,1,0,0,0,1,1,0,3,3,1,4,0
2026,Round 15,20261501,Connor O'Sullivan,140dc25,Geelong,Geel,images/afl_logos/Geel-40.png,1,2.8,1.3,4.8,9.8,9.07,0,9.3,7.8,2.1,1,76,72,0.01,0,100,12,4,16,93.8,149,359,0,0,0,4,1,4,1,4,1,2,8,11,2,6,0,0,0,0,0,0,0,0,0,0,0,0,2,2
2026,Round 15,20261501,Jordan Clark,1408748,Fremantle,Frem,images/afl_logos/Frem-40.png,1.9,4.5,1.9,1.3,9.7,9.59,2.4,6.4,3.3,3.7,0,70,69,0.01,0,78,11,6,17,76.5,378,247,3,3,2,5,1,3,1,1,0,8,2,5,1,1,0,1,0,0,0,0,0,0,0,0,0,0,2,0
2026,Round 15,20261501,Sam Switkowski,2da7bb,Fremantle,Frem,images/afl_logos/Frem-40.png,2.1,1.4,4.1,2.1,9.6,9.54,1,6.6,6.7,0.9,0,81,66,0,0,74,8,9,17,70.6,212,96,3,1,2,13,0,7,6,6,5,3,2,5,1,1,0,1,1,0,0,0,2,0,1,4.8,-3.8,2,5,1
2026,Round 15,20261501,Oliver Dempsey,140d10a,Geelong,Geel,images/afl_logos/Geel-40.png,5.3,3.9,-0.2,0.3,9.3,10.43,1.4,5.3,3.9,2.8,0,60,47,0,0,94,4,13,17,88.2,175,205,2,2,0,4,0,5,5,3,3,8,2,3,0,0,3,1,0,0,0,0,0,0,0,0,0,1,3,1
2026,Round 15,20261501,Hayden Young,1409368,Fremantle,Frem,images/afl_logos/Frem-40.png,1.5,6.7,1.2,-0.4,9,12.69,2.3,3.5,4,1.7,0,73,66,0.01,0,67,10,5,15,66.7,269,261,4,2,2,13,0,5,1,1,0,5,1,5,0,0,41,3,4,0,0,0,1,0,1,3,-2,1,9,1
2026,Round 15,20261501,Brennan Cox,2dbb29,Fremantle,Frem,images/afl_logos/Frem-40.png,3.6,3,1.4,1,9,7.57,0.5,7.4,5.1,0.2,0,64,50,0,0,82,8,4,12,75,137,134,1,3,0,4,0,5,4,4,3,1,4,6,1,2,0,1,0,0,0,0,0,0,0,0,0,0,2,2
2026,Round 15,20261501,Karl Worner,140c157,Fremantle,Frem,images/afl_logos/Frem-40.png,3.2,2,2.1,1.3,8.6,7.52,0.2,7.4,6.2,1.8,0,89,81,0.01,0,77,14,5,19,89.5,439,221,1,3,2,6,2,4,2,3,2,5,7,7,0,1,0,1,0,0,0,0,0,0,0,0,0,0,4,3
2026,Round 15,20261501,Heath Chapman,140a2e8,Fremantle,Frem,images/afl_logos/Frem-40.png,4.2,0.6,2.4,1.2,8.4,7.71,-0.1,6.6,4.1,2.5,0,64,54,0,0,80,4,9,13,84.6,147,117,0,1,3,7,0,4,3,3,2,6,3,4,1,1,0,0,1,0,0,0,0,0,0,0,0,0,3,1
2026,Round 15,20261501,Neil Erasmus,140be5a,Fremantle,Frem,images/afl_logos/Frem-40.png,0.7,-3.2,8.8,2.1,8.4,7.47,3,9.7,4.9,7.6,0,80,83,0.02,0,70,12,12,24,62.5,347,173,3,2,2,7,0,8,7,4,4,10,5,3,0,0,0,3,3,1,0,0,2,1,0,7,-1,1,8,3
2026,Round 15,20261501,Shaun Mannagh,2daed6,Geelong,Geel,images/afl_logos/Geel-40.png,2.1,2.9,1.4,1.9,8.2,11.14,2.3,3,4.8,0.5,0,46,39,0,0,81,6,7,13,69.2,155,155,1,0,1,11,0,5,4,4,4,4,0,1,0,0,0,2,3,0,0,0,1,0,0,4.2,-4.2,0,4,0
2026,Round 15,20261501,Judd McVee,140b467,Fremantle,Frem,images/afl_logos/Frem-40.png,3.2,1.4,1.8,1.7,8.1,6.7,1.5,6.5,4.9,3.3,0,64,53,0,0,79,7,8,15,93.3,160,121,1,1,0,7,0,6,4,4,2,4,5,5,0,1,0,1,0,0,0,0,0,0,0,0,0,0,3,0
2026,Round 15,20261501,Luke Ryan,2dc183,Fremantle,Frem,images/afl_logos/Frem-40.png,1.4,4.6,0.9,1.2,8.1,8.59,0,7.2,3.2,3.8,0,88,85,0.01,0,90,16,4,20,90,372,322,0,3,2,6,3,2,2,2,2,4,4,8,0,2,0,0,0,0,0,0,0,0,0,0,0,0,4,0
2026,Round 15,20261501,Lawson Humphries,140a3d8,Geelong,Geel,images/afl_logos/Geel-40.png,0.6,0.8,3,3.6,8,10.06,1.5,5.5,0.8,6.2,0,92,95,0.01,0,76,21,3,24,83.3,742,295,0,7,2,11,7,1,1,1,1,9,2,6,0,0,0,1,1,0,0,0,0,0,0,0,0,0,3,2
2026,Round 15,20261501,Mark Blicavs,230b9d,Geelong,Geel,images/afl_logos/Geel-40.png,0.9,1.7,1.9,3,7.6,8.54,1.2,5,5.7,0.2,0,58,51,0,0,79,5,7,12,83.3,37,162,0,1,0,14,0,5,3,4,3,3,3,5,1,1,6,1,1,13,7,1,0,0,0,0,0,0,2,0
2026,Round 15,20261501,Josh Treacy,140a153,Fremantle,Frem,images/afl_logos/Frem-40.png,-1.7,5.3,1.5,1.3,6.4,10.29,0,4.8,4.8,0.6,0,75,64,0,0,90,8,1,9,66.7,239,15,3,3,2,12,0,3,1,3,1,0,0,6,1,0,0,0,0,0,0,0,5,2,2,15.6,-1.6,0,6,0
2026,Round 15,20261501,Jack Henry,14072e9,Geelong,Geel,images/afl_logos/Geel-40.png,1,0.1,0.9,4.5,6.4,7.21,0,6.5,4.8,1.4,0,61,60,0,0,82,6,4,10,80,131,142,0,1,1,3,0,2,1,2,1,1,3,8,1,2,0,0,0,0,0,0,1,1,0,4.9,1.1,0,1,0
2026,Round 15,20261501,Shai Bolton,2daf49,Fremantle,Frem,images/afl_logos/Frem-40.png,1.2,1.4,0.3,3.3,6.2,12.37,4.7,-0.6,5.5,0.9,0,73,69,0.04,0,82,11,7,18,72.2,470,196,5,2,3,11,0,8,4,3,1,7,1,5,2,1,50,4,4,0,0,0,2,0,1,4,-3,0,6,1
2026,Round 15,20261501,Jack Martin,23097e,Geelong,Geel,images/afl_logos/Geel-40.png,8.3,0.1,-0.6,-1.6,6.2,7.01,-0.8,6.6,2.8,3.7,0,50,55,0,0,76,5,2,7,71.4,177,22,1,1,1,4,0,2,1,1,0,1,0,5,1,0,0,0,1,0,0,0,4,3,1,15.6,3.4,0,5,0
2026,Round 15,20261501,Jack Bowes,2dbff4,Geelong,Geel,images/afl_logos/Geel-40.png,-0.1,3.8,0.9,1.6,6.2,9.75,1,2.9,2,1.8,0,39,42,0,0,65,7,5,12,58.3,268,147,2,3,1,7,0,2,2,1,1,7,1,2,0,0,0,1,0,0,0,0,1,0,1,2.5,-1.5,0,4,1
2026,Round 15,20261501,Matthew Johnson,140b0f9,Fremantle,Frem,images/afl_logos/Frem-40.png,1.7,2.1,1.5,0.8,6.1,9.32,1.7,1.4,2.4,1.7,0,54,59,0,0,70,9,6,15,86.7,290,219,3,3,1,15,0,3,2,1,1,4,1,5,0,0,22,2,1,0,0,0,1,0,1,2.4,-1.4,1,6,1
2026,Round 15,20261501,Oliver Henry,140a17c,Geelong,Geel,images/afl_logos/Geel-40.png,-2.3,0.9,4.3,3,6,6.77,0,5.7,3.4,2.8,0,57,52,0,0,72,7,2,9,66.7,191,47,3,3,1,7,0,2,0,2,0,2,0,4,1,0,0,0,0,0,0,0,3,2,1,13.4,-0.4,1,6,0
2026,Round 15,20261501,Mason Cox,2dc177,Fremantle,Frem,images/afl_logos/Frem-40.png,1.9,2.3,3.4,-1.9,5.6,4.99,1.1,1,3.7,-2.2,0,45,42,0,0,57,5,1,6,33.3,62,28,0,1,2,6,0,4,1,3,1,0,2,1,0,0,25,1,2,22,11,3,2,0,1,4,-3,1,3,2
2026,Round 15,20261501,Oliver Wiltshire,140c0d1,Geelong,Geel,images/afl_logos/Geel-40.png,6.1,1.8,-2.8,0.5,5.6,7.06,-0.3,5.4,1.5,4.3,0,53,50,0,0,79,5,5,10,70,122,117,1,2,1,9,0,2,2,1,1,2,0,4,0,0,0,0,1,0,0,0,2,2,0,5.5,6.5,1,3,0
2026,Round 15,20261501,Mitchell Edwards,140ce30,Geelong,Geel,images/afl_logos/Geel-40.png,-0.5,0.6,4.5,0.7,5.3,8.29,0.9,4.2,5.8,0,0,58,44,0,0,55,5,8,13,61.5,140,36,1,1,1,5,0,8,2,4,1,3,4,1,1,1,56,1,4,39,14,4,0,0,0,0,0,0,2,2
2026,Round 15,20261501,Jeremy Cameron,230055,Geelong,Geel,images/afl_logos/Geel-40.png,0.3,6.3,-1.8,0,4.8,10.35,-1.2,4,3.1,1.1,0,40,35,0,0,93,4,2,6,66.7,110,28,0,1,0,0,0,2,1,2,1,3,0,2,1,0,0,0,0,0,0,0,3,2,1,11.5,1.5,0,4,0
2026,Round 15,20261501,Zach Guthrie,1408246,Geelong,Geel,images/afl_logos/Geel-40.png,-0.7,1.6,4.8,-2.5,3.2,7.58,0,2.7,4.7,-1.4,0,55,66,0,0,77,14,6,20,70,413,119,1,6,0,5,3,3,2,3,2,9,5,5,1,2,0,0,0,0,0,0,0,0,0,0,0,0,1,1
2026,Round 15,20261501,Jake Kolodjashnij,2309e3,Geelong,Geel,images/afl_logos/Geel-40.png,0.3,0.5,0.9,1.6,3.2,6.54,0,3.3,1.2,1.8,0,50,47,0,0,84,8,2,10,100,122,183,0,0,0,3,0,1,0,1,0,2,2,6,0,1,0,0,0,0,0,0,0,0,0,0,0,0,3,1
2026,Round 15,20261501,Nathan O'Driscoll,140a2e4,Fremantle,Frem,images/afl_logos/Frem-40.png,2.4,1,0.7,-1,3,8.36,0,3.6,0.5,2.8,0,61,57,0,0,73,8,6,14,92.9,319,190,6,2,2,8,0,1,0,1,0,6,1,4,0,0,0,0,0,0,0,0,0,0,0,0,0,1,7,0
2026,Round 15,20261501,Michael Frederick,2dc419,Fremantle,Frem,images/afl_logos/Frem-40.png,0.8,0.9,0.3,0.8,2.8,7.49,0,2.2,1.1,0.8,0,43,43,0,0,78,4,5,9,100,126,191,1,1,3,13,0,1,1,1,1,5,1,3,0,0,0,0,0,0,0,0,0,0,0,0,0,0,2,1
2026,Round 15,20261501,Jye Amiss,140bfb2,Fremantle,Frem,images/afl_logos/Frem-40.png,-0.5,-4,5,2.2,2.7,7.08,0,1.8,7.6,-5.3,1,78,73,0.04,0,86,10,1,11,36.4,245,9,0,3,0,1,0,4,2,4,2,0,0,7,1,0,0,0,0,0,0,0,10,3,4,35.3,-13.3,0,8,0
2026,Round 15,20261501,Oisin Mullin,140d0d6,Geelong,Geel,images/afl_logos/Geel-40.png,-1,-0.9,0.8,3.2,2.1,7.99,1.7,-0.9,2.5,-0.9,0,50,51,0,0,82,8,2,10,60,228,85,1,5,2,17,0,3,2,2,2,4,2,4,0,0,19,2,2,0,0,0,1,1,0,5.3,0.7,0,1,0
2026,Round 15,20261501,Sam De Koning,140934d,Geelong,Geel,images/afl_logos/Geel-40.png,1.6,-1.2,1.3,0,1.7,8.15,-0.8,3.3,6.1,-2.3,0,52,43,0.01,0,66,8,6,14,57.1,146,157,1,5,0,7,0,5,3,4,2,6,7,4,2,4,41,0,0,22,4,1,0,0,0,0,0,0,2,1
2026,Round 15,20261502,Jai Newcombe,140c0df,Hawthorn,Haw,images/afl_logos/Haw-40.png,7.3,1.4,7.6,5.8,22.2,13.5,7,14.1,11.2,11.5,8,123,103,2.71,75,85,13,18,31,74.2,586,307,5,7,2,15,0,17,11,5,5,12,5,3,0,1,79,10,10,0,0,0,2,2,0,4.4,7.6,2,10,6
2026,Round 15,20261502,Josh Ward,140b216,Hawthorn,Haw,images/afl_logos/Haw-40.png,6.8,1.5,8.3,4.6,21.3,10.84,9,7.3,9.7,7,0,107,85,0.2,1,80,11,16,27,70.4,450,328,2,4,3,24,0,14,11,3,3,10,2,3,0,0,53,7,6,0,0,0,1,0,1,3,-2,0,6,1
2026,Round 15,20261502,Bodhi Uwland,140b441,Gold Coast,GC,images/afl_logos/GC-40.png,2.3,0.5,10.2,5.5,18.5,11.41,0,20.4,7.1,10.8,0,118,86,0.01,0,90,14,13,27,92.6,553,345,2,3,1,4,2,8,6,8,6,12,6,6,1,1,0,0,0,0,0,0,0,0,0,0,0,2,7,2
2026,Round 15,20261502,Will Day,14090a6,Hawthorn,Haw,images/afl_logos/Haw-40.png,5.6,2,7,3.2,17.8,12.99,5.9,9.3,8.7,6.2,4,108,93,0.35,2,67,12,9,21,71.4,413,284,8,1,7,21,0,10,7,4,3,8,3,3,1,1,74,5,4,0,0,0,2,1,1,5.5,1.5,0,10,2
2026,Round 15,20261502,Leonardo Lombard,140e1b5,Gold Coast,GC,images/afl_logos/GC-40.png,7.4,5.1,0.7,4.6,17.7,8.78,1.7,13.4,3.6,11.2,0,65,56,0,0,82,7,8,15,73.3,326,142,2,1,1,14,0,6,4,4,2,8,1,0,0,0,0,2,0,0,0,0,3,2,0,6.6,5.4,1,6,1
2026,Round 15,20261502,Joel Jeffrey,14086a8,Gold Coast,GC,images/afl_logos/GC-40.png,1.5,4.8,7.2,3.9,17.5,9.42,0,11.8,4.5,5.7,0,123,122,0.03,0,82,22,11,33,87.9,643,484,4,3,3,13,4,5,5,5,5,12,7,7,0,1,0,0,0,0,0,0,1,0,1,2,-1,0,8,4
2026,Round 15,20261502,Christian Petracca,231162,Gold Coast,GC,images/afl_logos/GC-40.png,-0.4,5.7,8.5,3.5,17.3,15.87,1,11.5,10.8,3.2,0,101,83,0.06,0,87,9,22,31,71,227,252,2,7,0,13,0,19,16,11,10,9,4,4,0,1,56,4,8,0,0,0,1,1,0,5.2,0.8,0,7,3
2026,Round 15,20261502,Noah Anderson,140932f,Gold Coast,GC,images/afl_logos/GC-40.png,3.1,2.6,1.7,9.3,16.8,14.83,3.6,8.7,8.5,3.9,5,136,143,1.49,17,91,25,18,43,74.4,599,315,10,8,3,24,0,12,10,6,5,25,4,6,0,0,88,4,6,0,0,0,1,0,0,2.6,-2.6,0,8,2
2026,Round 15,20261502,Dylan Moore,14087ea,Hawthorn,Haw,images/afl_logos/Haw-40.png,8.8,0,0.3,6.6,15.8,10.14,1,12.4,4.9,10.3,1,76,77,0.08,0,91,8,5,13,76.9,194,145,1,2,2,17,0,6,4,5,3,1,0,3,1,0,0,1,0,0,0,0,5,4,1,16.4,8.6,0,8,1
2026,Round 15,20261502,Ben Long,2daefd,Gold Coast,GC,images/afl_logos/GC-40.png,-0.8,1.3,7.2,7.4,15.1,6.95,-0.4,16.3,8.8,7.2,5,108,108,0.57,4,86,16,4,20,55,456,147,7,4,2,7,0,9,5,9,5,4,0,6,1,0,3,0,1,0,0,0,8,4,2,25.9,0.1,0,10,0
2026,Round 15,20261502,Harry Morrison,1407303,Hawthorn,Haw,images/afl_logos/Haw-40.png,3.9,4.7,0.7,5,14.2,7.76,1.2,9.9,6.1,4.7,0,70,62,0,0,85,8,10,18,77.8,214,210,3,2,3,17,0,7,7,7,7,6,5,2,0,0,0,1,0,0,0,0,0,0,0,0,0,1,8,5
2026,Round 15,20261502,Cam Mackenzie,140cafa,Hawthorn,Haw,images/afl_logos/Haw-40.png,3.2,0.6,4.6,4.2,12.5,9.5,2.9,7.1,4.5,4.7,0,90,67,0.02,0,68,10,6,16,87.5,354,262,6,2,5,17,0,6,3,2,1,8,2,1,0,0,59,2,3,0,0,0,1,0,1,2.5,-1.5,3,5,1
2026,Round 15,20261502,Connor Macdonald,140b206,Hawthorn,Haw,images/afl_logos/Haw-40.png,0.5,1.4,0.1,10.2,12.2,8.99,0.8,9,5.2,4.6,0,83,82,0.02,0,84,8,13,21,81,204,288,2,3,1,13,0,6,5,5,5,7,2,5,0,0,26,1,1,0,0,0,2,2,0,7.5,4.5,0,7,2
2026,Round 15,20261502,Jarrod Witts,22f907,Gold Coast,GC,images/afl_logos/GC-40.png,4,3.7,1.1,3.1,11.9,10.25,5.6,5.1,3.3,4.7,0,63,38,0,0,43,3,4,7,85.7,32,75,0,1,0,7,0,5,3,1,1,1,1,0,0,0,41,4,2,37,14,7,1,1,0,2.4,3.6,0,2,2
2026,Round 15,20261502,Mac Andrew,140b334,Gold Coast,GC,images/afl_logos/GC-40.png,5.9,8.1,0.3,-3.1,11.2,9.92,1.4,12.7,10.3,3.7,7,117,106,0.21,1,95,18,8,26,84.6,363,431,1,2,1,7,1,7,4,6,3,6,11,11,2,6,0,1,0,0,0,0,0,0,0,0,0,0,7,2
2026,Round 15,20261502,Josh Weddle,140dc5f,Hawthorn,Haw,images/afl_logos/Haw-40.png,5.5,1.9,-0.5,4.1,11.1,9.91,0,9.5,3.3,7.7,0,75,74,0.02,0,86,14,7,21,81,717,238,6,6,1,7,0,3,2,3,2,11,4,6,0,0,0,0,0,0,0,0,1,0,1,2.4,-1.4,0,4,0
2026,Round 15,20261502,Josh Battle,2dbf76,Hawthorn,Haw,images/afl_logos/Haw-40.png,3.3,2.5,1.9,3.2,10.8,9.72,1,6.8,6,1.5,0,71,67,0.01,0,100,13,7,20,65,330,137,1,4,2,10,2,5,4,5,4,4,9,3,1,1,0,1,1,0,0,0,0,0,0,0,0,0,1,0
2026,Round 15,20261502,Jack Ginnivan,140a179,Hawthorn,Haw,images/afl_logos/Haw-40.png,-0.4,1.4,6.8,2.7,10.5,8.56,2.5,4.9,4.7,2.4,0,70,69,0.01,0,80,9,11,20,55,170,103,4,5,4,18,0,6,6,4,4,7,1,0,0,0,0,3,0,0,0,0,1,1,0,3,3,1,4,2
2026,Round 15,20261502,Touk Miller,2311a0,Gold Coast,GC,images/afl_logos/GC-40.png,2.6,3.5,2.6,1.5,10.3,12.86,1.2,5.2,7.4,0.5,0,75,81,0.01,0,88,9,15,24,70.8,139,455,1,2,5,12,0,10,6,5,3,14,4,1,0,0,44,3,6,0,0,0,2,1,0,5.5,0.5,1,8,1
2026,Round 15,20261502,Jai Murray,140e1bb,Gold Coast,GC,images/afl_logos/GC-40.png,4.1,1.1,2,2.7,9.9,5.03,-0.2,7.4,1.6,5.7,0,87,88,0,0,70,13,4,17,82.4,414,91,5,2,5,9,0,3,2,2,2,5,1,7,0,0,6,1,1,0,0,0,0,0,0,0,0,2,6,0
2026,Round 15,20261502,Sam Collins,230696,Gold Coast,GC,images/afl_logos/GC-40.png,2.2,-0.5,3.3,4.9,9.8,10.62,0,9.1,6.9,2.2,0,71,65,0,0,96,8,8,16,87.5,167,154,0,3,0,4,0,7,4,7,4,3,8,9,1,2,0,0,0,0,0,0,0,0,0,0,0,0,2,1
2026,Round 15,20261502,Nick Watson,140caf1,Hawthorn,Haw,images/afl_logos/Haw-40.png,4.2,2.4,0.5,2.8,9.8,12.96,-0.4,9.3,4.3,5.4,0,69,75,0.03,0,82,7,8,15,53.3,258,128,3,7,4,13,0,8,7,7,6,3,1,1,0,0,9,1,1,0,0,0,3,3,0,10.7,7.3,0,6,0
2026,Round 15,20261502,Jed Walter,140cbf8,Gold Coast,GC,images/afl_logos/GC-40.png,-2.1,5.9,-0.2,5.9,9.5,5.4,0,7.2,8.5,3.9,0,78,64,0,0,92,10,2,12,75,248,168,2,3,0,10,0,7,2,7,2,3,0,5,4,0,0,0,0,0,0,0,4,2,2,12.2,1.8,3,10,0
2026,Round 15,20261502,Mabior Chol,2daf9d,Hawthorn,Haw,images/afl_logos/Haw-40.png,1.6,-1.2,3.8,5.2,9.4,8.44,0,8.6,9,-0.5,0,64,48,0,0,76,5,3,8,50,97,62,2,4,3,9,0,7,3,7,3,0,1,3,2,0,3,0,0,1,0,0,4,2,2,12.2,1.8,1,5,1
2026,Round 15,20261502,Karl Amon,230e0a,Hawthorn,Haw,images/afl_logos/Haw-40.png,0,3.8,3,1.3,8,9.2,1,3,3.8,0.6,0,95,105,0.07,0,88,20,4,24,79.2,625,419,3,9,3,14,5,3,2,2,2,7,6,9,0,2,0,1,1,0,0,0,1,0,1,2.9,-1.9,0,3,1
2026,Round 15,20261502,Tom Barrass,2da0d2,Hawthorn,Haw,images/afl_logos/Haw-40.png,2.1,2.9,1.3,1.6,7.8,9.08,0,6.8,3.2,0.2,0,48,30,0,0,84,4,3,7,85.7,64,148,0,0,0,1,0,2,0,2,0,3,2,4,1,1,0,0,0,0,0,0,0,0,0,0,0,0,2,0
2026,Round 15,20261502,John Noble,1406f88,Gold Coast,GC,images/afl_logos/GC-40.png,2.8,2,0.6,2.3,7.7,10.12,1.2,2.7,2.8,1.5,0,87,87,0.01,0,83,16,10,26,80.8,677,229,3,9,1,7,2,3,3,2,2,12,4,6,0,0,0,1,0,0,0,0,1,0,0,1.3,-1.3,0,4,0
2026,Round 15,20261502,Matt Rowell,1409338,Gold Coast,GC,images/afl_logos/GC-40.png,3.1,-3.8,2.6,4.9,6.8,14.15,7.8,-4.1,5.6,-1.1,0,90,103,0.08,0,84,11,11,22,77.3,331,316,6,4,8,34,0,11,4,2,1,7,2,6,1,1,79,7,7,0,0,0,1,0,1,4.7,-3.7,1,7,1
2026,Round 15,20261502,Daniel Rioli,1407315,Gold Coast,GC,images/afl_logos/GC-40.png,4.1,1.6,0,0,5.7,9.17,0,4.3,1.1,3.2,0,51,48,0,0,36,7,6,13,92.3,234,103,2,2,2,7,2,2,1,2,1,7,2,2,0,0,0,0,0,0,0,0,0,0,0,0,0,0,2,1
2026,Round 15,20261502,Lloyd Meek,1407314,Hawthorn,Haw,images/afl_logos/Haw-40.png,1,1.2,0.2,3,5.5,10.25,2.8,3.6,3.6,2.3,0,52,56,0,0,67,7,3,10,70,107,96,1,1,2,8,0,4,2,2,2,1,4,2,0,1,56,2,3,36,15,4,0,0,0,0,0,0,2,2
2026,Round 15,20261502,Nick Holman,230e70,Gold Coast,GC,images/afl_logos/GC-40.png,4.3,0.7,0.9,-0.4,5.4,6.09,0,3.1,1.1,0.5,0,49,51,0,0,74,6,5,11,81.8,166,70,2,0,1,11,0,2,2,2,2,4,1,4,0,0,0,0,0,0,0,0,2,1,1,8.9,-1.9,0,3,0
2026,Round 15,20261502,Blake Hardwick,2dae82,Hawthorn,Haw,images/afl_logos/Haw-40.png,3.9,-0.1,0.1,1.4,5.2,9.21,0,5.1,2.9,0.4,0,41,49,0,0,91,8,1,9,66.7,267,44,0,3,2,7,2,2,1,2,1,2,2,3,1,1,0,0,0,0,0,0,2,1,0,4.9,1.1,0,3,1
2026,Round 15,20261502,Massimo D'Ambrosio,1408358,Hawthorn,Haw,images/afl_logos/Haw-40.png,0.5,2.7,-1.2,3.1,5.1,10.22,0,5.5,5,1.7,0,55,61,0,0,85,10,3,13,84.6,214,229,0,1,4,8,0,4,3,4,3,3,7,4,1,2,0,0,0,0,0,0,0,0,0,0,0,0,3,2
2026,Round 15,20261502,James Sicily,230ede,Hawthorn,Haw,images/afl_logos/Haw-40.png,1.1,1.6,2.8,-0.7,4.8,10.58,0,5.1,5,1,0,74,58,0.01,0,92,12,5,17,88.2,491,58,1,3,2,11,3,7,5,7,5,5,7,3,1,1,0,0,0,0,0,0,0,0,0,0,0,0,3,1
2026,Round 15,20261502,Mitch Lewis,14072b7,Hawthorn,Haw,images/afl_logos/Haw-40.png,5.2,-0.9,-0.4,0.8,4.7,7.12,0,2.9,0.9,3.3,0,27,30,0,0,88,5,0,5,40,172,0,4,2,2,11,0,1,1,1,1,1,1,2,0,0,0,0,0,0,0,0,2,1,1,2.4,4.6,1,3,0
2026,Round 15,20261502,Beau Addinsall,140edce,Gold Coast,GC,images/afl_logos/GC-40.png,-1.1,1.5,2.9,1.3,4.6,5.36,2.3,1.5,5.6,-1.7,0,57,66,0,0,57,6,13,19,73.7,61,145,3,2,2,13,0,9,4,5,3,4,4,4,1,0,21,3,4,0,0,0,1,0,0,2.4,-2.4,0,4,3
2026,Round 15,20261502,Bailey Humphrey,140cb0c,Gold Coast,GC,images/afl_logos/GC-40.png,3.8,-1,1.1,0,3.9,9.5,-0.3,2.9,6.9,-2.4,0,51,55,0,0,81,8,6,14,50,307,100,5,4,2,12,0,8,7,7,7,3,2,3,0,0,3,0,1,0,0,0,4,1,2,10.1,-2.1,0,5,1
2026,Round 15,20261502,Sam Clohesy,140a309,Gold Coast,GC,images/afl_logos/GC-40.png,0.6,0.7,1.9,0.4,3.6,7.89,0,1.6,1.3,1,0,76,75,0,0,70,9,9,18,88.9,220,258,3,1,3,9,0,1,1,1,1,9,2,7,0,1,0,0,0,0,0,0,0,0,0,0,0,1,4,0
2026,Round 15,20261502,Bailey Macdonald,140e18d,Hawthorn,Haw,images/afl_logos/Haw-40.png,1.4,2.2,0.5,-0.7,3.5,6.99,1,1,2.2,0.2,0,31,24,0,0,69,3,4,7,71.4,97,94,1,1,1,8,0,3,3,2,2,2,2,2,0,0,0,1,0,0,0,0,0,0,0,0,0,0,1,0
2026,Round 15,20261502,Oscar Adams,140abdb,Gold Coast,GC,images/afl_logos/GC-40.png,0,1.4,1.2,0.8,3.4,5.1,0,3.8,2.3,0.6,0,38,36,0,0,77,5,4,9,77.8,129,173,1,2,1,6,0,1,1,1,1,4,3,4,0,2,0,0,0,0,0,0,0,0,0,0,0,0,1,0
2026,Round 15,20261502,Ned Reeves,1407340,Hawthorn,Haw,images/afl_logos/Haw-40.png,-1.2,0.1,2.3,1.9,3.2,10.6,1.4,1.6,1.6,-1.4,0,25,34,0,0,55,3,2,5,40,50,57,0,1,3,7,0,2,2,2,2,1,1,0,0,0,41,0,1,44,15,4,1,0,0,2,-2,0,0,0
2026,Round 15,20261502,Ben King,1408740,Gold Coast,GC,images/afl_logos/GC-40.png,-0.3,2,0.5,0.8,3,7,0,1.8,2.4,0.3,0,32,24,0,0,91,2,2,4,75,30,49,1,1,1,4,0,3,2,3,2,0,0,2,1,0,0,0,0,0,0,0,2,1,1,6.3,0.7,1,3,0
2026,Round 15,20261502,Ned Moyle,140c155,Gold Coast,GC,images/afl_logos/GC-40.png,1.4,1,0,0.4,2.8,10.42,2.3,-1.1,2.9,-1.4,0,50,50,0,0,74,5,2,7,28.6,77,-6,1,2,2,8,0,4,2,1,0,0,1,2,0,1,59,2,3,44,20,6,0,0,0,0,0,0,2,1
2026,Round 15,20261502,Cameron Nairn,140edd8,Hawthorn,Haw,images/afl_logos/Haw-40.png,1.4,-1,1.5,0.9,2.8,4,0,2.3,2.5,0.8,0,47,53,0,0,72,9,3,12,83.3,172,337,1,2,0,11,0,2,1,2,1,2,2,7,0,1,0,0,0,0,0,0,0,0,0,0,0,2,6,0
2026,Round 15,20261502,Jarman Impey,2309be,Hawthorn,Haw,images/afl_logos/Haw-40.png,0.8,1.4,0,0,2.2,9.23,0,2.4,1.1,1.3,0,28,26,0,0,26,4,2,6,66.7,178,94,1,1,1,3,0,0,0,0,0,4,1,2,0,1,0,0,0,0,0,0,0,0,0,0,0,0,0,0
2026,Round 15,20261502,Zeke Uwland,140e1b1,Gold Coast,GC,images/afl_logos/GC-40.png,-0.4,0.7,0.1,1.6,2,5.55,-0.5,0.8,5.6,-5.4,0,50,61,0,0,69,6,9,15,33.3,163,84,2,3,4,9,0,8,6,6,4,5,4,2,0,0,0,0,1,0,0,0,1,0,0,1.3,-1.3,0,0,1
2026,Round 15,20261503,Mark Keane,140a5d6,Adelaide,Adel,images/afl_logos/Adel-40.png,3.3,4.7,7.1,4,19.1,10.41,0.7,14.9,8.9,5.1,9,133,113,0.78,13,87,18,4,22,77.3,376,255,2,2,5,12,3,9,5,8,4,3,9,10,2,2,0,0,0,0,0,0,0,0,0,0,0,0,6,0
2026,Round 15,20261503,Jacob van Rooyen,140b478,Melbourne,Melb,images/afl_logos/Melb-40.png,13.4,-0.6,5.9,0.2,19,6.67,6.2,10.8,7.7,9.2,0,92,73,0.03,0,90,5,10,15,66.7,206,108,3,4,2,5,0,9,7,7,5,4,0,4,0,0,0,1,0,1,0,0,4,3,0,7.7,10.3,1,7,1
2026,Round 15,20261503,Kade Chandler,1408412,Melbourne,Melb,images/afl_logos/Melb-40.png,1.5,3.2,10.9,3.2,18.9,11.69,5,11,5.4,11.2,4,84,84,0.26,5,80,10,10,20,65,494,218,5,5,5,16,0,8,6,4,4,8,0,2,0,0,13,3,2,0,0,0,3,2,1,8.4,4.6,0,3,0
2026,Round 15,20261503,Max Gawn,22f360,Melbourne,Melb,images/afl_logos/Melb-40.png,3.3,2.6,8.7,4.3,18.9,16.58,6.3,8.1,11,-0.6,8,140,112,1.59,27,81,14,14,28,60.7,366,237,6,8,2,7,0,15,7,6,2,9,7,2,1,2,91,7,7,69,30,10,0,0,0,0,0,2,5,1
2026,Round 15,20261503,Jack Steele,23098d,Melbourne,Melb,images/afl_logos/Melb-40.png,6.1,2.8,0,6.1,15,11.76,4.9,8,7.7,5.2,0,86,64,0.02,0,82,5,16,21,85.7,107,198,0,2,2,14,0,11,11,7,7,3,4,3,0,1,91,4,3,0,0,0,0,0,0,0,0,0,3,1
2026,Round 15,20261503,Luke Nankervis,140c167,Adelaide,Adel,images/afl_logos/Adel-40.png,2.8,5.7,3.3,2.9,14.7,7.38,1.1,9.4,7.6,2.9,0,108,103,0.06,1,80,13,9,22,100,174,281,0,0,5,9,1,7,5,6,4,3,6,9,2,2,0,1,1,0,0,0,0,0,0,0,0,0,4,3
2026,Round 15,20261503,Alex Neal-Bullen,230a64,Adelaide,Adel,images/afl_logos/Adel-40.png,1.3,3.5,6.2,3.4,14.4,9.38,1,9.3,6.5,3.8,0,79,75,0.01,0,89,12,4,16,68.8,386,122,5,6,4,21,0,7,6,6,5,4,2,5,0,1,0,1,1,0,0,0,1,0,0,2.2,-2.2,1,6,0
2026,Round 15,20261503,Tom Sparrow,2dc45f,Melbourne,Melb,images/afl_logos/Melb-40.png,6.1,0.5,5.8,1.5,14,10.02,6.9,5.7,10.1,3,0,93,97,0.14,2,80,15,13,28,57.1,499,196,8,7,7,24,0,15,12,8,8,8,5,2,0,0,74,7,7,0,0,0,0,0,0,0,0,0,3,2
2026,Round 15,20261503,Wayne Milera,2da322,Adelaide,Adel,images/afl_logos/Adel-40.png,2.8,3.3,6.9,-0.1,12.9,10.19,1.4,8,2.9,7,4,95,94,0.49,8,81,15,12,27,88.9,374,226,2,3,1,8,2,4,4,1,1,15,1,6,0,0,0,1,2,0,0,0,1,1,0,2.9,3.1,0,4,0
2026,Round 15,20261503,Ben Keays,2daf1a,Adelaide,Adel,images/afl_logos/Adel-40.png,1.4,1.2,4.5,5.7,12.9,9.48,0,11.4,3.9,7.5,0,97,73,0.02,0,81,8,7,15,73.3,288,218,5,3,4,16,0,5,4,5,4,4,2,4,0,0,0,0,0,0,0,0,1,1,0,3.7,2.3,2,5,0
2026,Round 15,20261503,Nick Murray,1408f66,Adelaide,Adel,images/afl_logos/Adel-40.png,3.8,4.9,2.6,1.2,12.5,7.31,0.1,10.5,7.5,0.2,0,86,75,0.04,1,80,13,4,17,94.1,254,277,2,3,2,5,0,7,3,6,2,4,7,7,1,3,0,0,0,0,0,0,0,0,0,0,0,0,3,1
2026,Round 15,20261503,Caleb Windsor,140dbed,Melbourne,Melb,images/afl_logos/Melb-40.png,6,2.4,2.9,0.8,12,8.8,2,5.3,4.2,3.1,0,70,64,0,0,81,7,9,16,68.8,263,131,5,5,4,21,0,5,4,2,2,7,1,3,0,0,0,3,1,0,0,0,0,0,0,0,0,1,3,1
2026,Round 15,20261503,Jake Lever,2311a9,Melbourne,Melb,images/afl_logos/Melb-40.png,0.8,6,2.4,2.6,11.8,8.87,0,11.7,5.4,2,0,81,62,0,0,94,9,5,14,85.7,281,227,1,0,2,5,0,5,2,5,2,4,7,5,0,1,0,0,0,0,0,0,0,0,0,0,0,0,2,0
2026,Round 15,20261503,Sam Berry,140a147,Adelaide,Adel,images/afl_logos/Adel-40.png,3.9,0.4,0.2,7,11.5,10.97,2.6,5.2,5.9,2.9,3,101,106,0.91,16,75,10,14,24,79.2,318,277,2,1,7,17,0,11,6,2,1,8,1,6,1,0,61,7,8,0,0,0,1,0,1,2.6,-1.6,2,8,1
2026,Round 15,20261503,Josh Rachele,140b1db,Adelaide,Adel,images/afl_logos/Adel-40.png,3.9,-0.1,-1.8,9.1,11.1,9.4,1.6,6.9,4.2,6.1,0,61,81,0.18,3,75,14,3,17,52.9,308,179,1,3,0,6,0,5,5,2,2,4,1,6,0,0,0,0,1,0,0,0,6,3,3,14.7,6.3,0,7,1
2026,Round 15,20261503,Harry Sharp,1408afb,Melbourne,Melb,images/afl_logos/Melb-40.png,1,1.4,2.7,5.8,10.8,8.94,0,9.1,3.7,4.9,0,68,39,0,0,81,8,3,11,54.5,385,90,5,3,2,13,0,5,3,5,3,4,1,0,0,0,0,0,0,0,0,0,0,0,0,0,0,1,2,1
2026,Round 15,20261503,Riley Thilthorpe,1409000,Adelaide,Adel,images/afl_logos/Adel-40.png,2.6,1.7,1,5.1,10.4,11.21,3,7,6.5,3.9,0,62,54,0.02,0,78,5,4,9,77.8,130,76,0,2,2,9,0,6,2,4,1,1,1,4,3,1,22,2,2,27,11,4,1,1,0,3.5,2.5,0,4,2
2026,Round 15,20261503,Harvey Langford,140dec2,Melbourne,Melb,images/afl_logos/Melb-40.png,6.9,0.4,2.8,0,10.1,9.97,0.8,8.7,4.4,6.4,0,65,61,0,0,75,8,5,13,84.6,237,158,2,1,1,5,0,4,2,2,1,6,3,3,0,2,0,1,2,0,0,0,2,2,0,8.2,3.8,1,4,1
2026,Round 15,20261503,Darcy Fogarty,2dc423,Adelaide,Adel,images/afl_logos/Adel-40.png,3.4,4.2,2,0.3,9.9,5.25,0,8,7.8,4.9,0,73,69,0.03,0,66,9,1,10,80,236,96,3,4,1,9,0,4,0,4,0,1,1,9,4,1,0,0,0,0,0,0,2,2,0,7.5,4.5,0,3,0
2026,Round 15,20261503,Zac Taylor,140b1e9,Adelaide,Adel,images/afl_logos/Adel-40.png,3.3,2,0.9,3.4,9.7,8.28,2.1,5.1,7.3,0.5,0,77,56,0.01,0,70,8,10,18,83.3,148,244,2,2,2,10,0,8,6,5,3,6,5,1,0,0,0,2,1,0,0,0,0,0,0,0,0,1,5,4
2026,Round 15,20261503,Taylor Walker,22cc3a,Adelaide,Adel,images/afl_logos/Adel-40.png,5.9,0.9,0.5,2.1,9.5,7.81,0,9.9,3.6,7.8,0,72,55,0,0,86,7,5,12,75,304,120,3,1,0,9,0,3,2,3,2,2,0,6,0,0,0,0,0,0,0,0,2,1,0,4,2,1,7,0
2026,Round 15,20261503,Rory Laird,22fde6,Adelaide,Adel,images/afl_logos/Adel-40.png,2,4,0.8,2,8.8,8.95,1.2,5.1,5.1,0.5,0,98,103,0.16,3,81,12,14,26,88.5,230,372,2,2,2,9,0,6,3,3,2,10,3,10,1,1,0,3,2,0,0,0,0,0,0,0,0,1,6,0
2026,Round 15,20261503,Daniel Turner,140c11f,Melbourne,Melb,images/afl_logos/Melb-40.png,2.7,3.3,0.2,2.2,8.4,9.79,0.6,6,6.1,0,0,64,85,0.01,0,95,18,5,23,65.2,475,135,3,10,1,3,1,9,5,8,5,4,7,6,1,0,0,1,1,0,0,0,0,0,0,0,0,0,3,1
2026,Round 15,20261503,James Borlase,1409285,Adelaide,Adel,images/afl_logos/Adel-40.png,5.4,1.8,0.3,0.5,8.1,8.16,0,7.6,7.9,-1.8,2,71,76,0.09,1,87,10,5,15,86.7,147,177,0,3,2,5,0,5,2,5,2,2,8,9,2,5,0,0,0,0,0,0,0,0,0,0,0,0,2,1
2026,Round 15,20261503,Jordan Dawson,2da872,Adelaide,Adel,images/afl_logos/Adel-40.png,6.1,2.5,1,-1.7,8,15.34,1.1,6.9,2.8,6.1,0,86,97,0.68,12,84,11,7,18,77.8,341,316,4,2,6,20,0,4,2,2,1,8,1,5,0,0,87,1,2,0,0,0,3,2,1,11.4,1.6,0,8,0
2026,Round 15,20261503,Joel Fitzgerald,140b1f1,Melbourne,Melb,images/afl_logos/Melb-40.png,1.3,1.7,2,3,8,5.41,3,3,2.9,3.1,0,60,48,0,0,54,8,8,16,81.3,214,212,2,2,1,7,0,7,3,2,0,7,0,1,0,0,48,3,5,0,0,0,0,0,0,0,0,0,0,0
2026,Round 15,20261503,Izak Rankine,14073eb,Adelaide,Adel,images/afl_logos/Adel-40.png,3,2.8,0.4,0.9,7.1,12.27,1.2,2.3,5.9,-0.9,0,68,91,0.21,3,76,15,7,22,59.1,383,220,7,3,6,25,0,7,5,4,4,10,2,4,0,1,74,3,2,0,0,0,1,0,1,2.1,-1.1,2,4,1
2026,Round 15,20261503,Kysaiah Pickett,140909d,Melbourne,Melb,images/afl_logos/Melb-40.png,1.3,3.9,3.5,-2.1,6.6,14.84,3.2,1.5,6.7,-0.2,0,54,53,0.01,0,88,8,7,15,60,249,51,3,2,4,14,0,11,6,5,4,4,3,1,0,0,74,5,6,0,0,0,3,0,1,6,-5,0,4,2
2026,Round 15,20261503,Hugo Hall-Kahan,140ca29,Adelaide,Adel,images/afl_logos/Adel-40.png,0.7,1.7,1.7,2.3,6.4,6.62,0.6,4.3,3.3,1.7,0,96,104,0.04,1,66,18,5,23,87,380,184,3,3,3,10,2,3,2,2,2,8,1,9,0,0,0,1,0,0,0,0,0,0,0,0,0,0,6,0
2026,Round 15,20261503,Trent Rivers,14093e2,Melbourne,Melb,images/afl_logos/Melb-40.png,1.1,2,2,1.2,6.3,10.38,0,4.3,2.7,1.7,0,56,66,0,0,73,11,10,21,71.4,487,112,4,5,1,7,2,3,3,3,3,12,4,4,0,1,0,0,0,0,0,0,0,0,0,0,0,0,2,1
2026,Round 15,20261503,Tom McDonald,22f74d,Melbourne,Melb,images/afl_logos/Melb-40.png,3.4,2,0.8,-0.3,5.9,7.85,0.2,6.3,2.9,0.7,0,59,57,0,0,96,11,2,13,61.5,235,160,1,2,1,7,0,3,2,2,1,5,3,5,0,1,0,0,1,0,0,0,0,0,0,0,0,0,1,0
2026,Round 15,20261503,Lachlan McAndrew,140c210,Adelaide,Adel,images/afl_logos/Adel-40.png,2.1,-1.2,2,2.6,5.5,11.13,5,-2.2,6.4,-1.9,0,61,74,0.03,0,70,4,9,13,69.2,108,184,2,3,3,13,0,6,3,0,0,2,2,4,0,2,78,4,6,66,26,5,1,0,1,3.2,-2.2,0,5,4
2026,Round 15,20261503,Max Michalanney,140ab4a,Adelaide,Adel,images/afl_logos/Adel-40.png,1.3,0.3,2.6,1.2,5.3,5.34,0,5.2,3.3,0.2,0,109,99,0.03,0,78,14,6,20,90,348,305,1,2,6,11,0,4,1,4,1,10,4,6,0,0,0,0,0,0,0,0,0,0,0,0,0,1,3,0
2026,Round 15,20261503,Brayden Cook,140b6df,Adelaide,Adel,images/afl_logos/Adel-40.png,3.7,0.9,2.3,-1.8,5.1,9.38,0.6,2.2,5.9,-2.2,0,86,86,0.06,1,77,16,5,21,66.7,506,116,4,6,2,8,0,7,5,4,2,6,6,7,0,2,0,2,3,0,0,0,0,0,0,0,0,0,3,1
2026,Round 15,20261503,Ed Langdon,231198,Melbourne,Melb,images/afl_logos/Melb-40.png,1.2,0.1,3.2,0.5,5,8.26,1.2,3.1,4.3,1.4,0,57,56,0,0,100,7,11,18,83.3,228,305,2,3,1,12,0,7,6,4,4,7,6,3,0,1,0,2,2,0,0,0,0,0,0,0,0,0,0,0
2026,Round 15,20261503,James Peatling,14086bd,Adelaide,Adel,images/afl_logos/Adel-40.png,-1.7,3.1,2.6,0.6,4.6,10.15,0.8,0.6,5.9,-4.4,0,60,54,0.01,0,70,5,10,15,60,88,108,1,3,3,15,0,8,6,6,5,5,5,3,0,0,70,2,2,0,0,0,1,0,1,3.6,-2.6,0,2,0
2026,Round 15,20261503,Jake Soligo,140b215,Adelaide,Adel,images/afl_logos/Adel-40.png,-0.1,1.5,1.3,1.8,4.6,9.35,-1.2,2.5,3.7,-0.6,0,26,21,0,0,81,3,5,8,87.5,56,60,1,2,1,14,0,4,3,4,3,4,4,1,0,0,9,0,0,0,0,0,0,0,0,0,0,0,5,3
2026,Round 15,20261503,Jake Bowey,140a159,Melbourne,Melb,images/afl_logos/Melb-40.png,2.7,0.5,1.5,-0.9,3.7,10.32,4,0,3,1.5,0,78,85,0.03,0,81,17,7,24,87.5,362,597,2,3,2,11,7,3,3,0,0,10,1,4,0,1,0,3,1,0,0,0,0,0,0,0,0,1,3,1
2026,Round 15,20261503,Bayley Fritsch,14074de,Melbourne,Melb,images/afl_logos/Melb-40.png,-0.4,4,-0.4,-0.3,2.9,9.12,-0.2,2.5,2.9,1.4,0,34,39,0,0,84,5,7,12,58.3,217,115,2,1,1,13,0,4,3,1,1,3,0,4,0,0,0,1,3,0,0,0,0,0,0,0,0,0,2,0
2026,Round 15,20261503,Koltyn Tholstrup,140cb98,Melbourne,Melb,images/afl_logos/Melb-40.png,1.3,1.5,-0.3,-0.1,2.3,7.93,0.8,1,4.1,-2.2,0,41,50,0,0,83,9,6,15,60,353,54,1,4,1,3,3,5,4,4,4,5,4,3,0,1,0,0,1,0,0,0,0,0,0,0,0,0,2,2
2026,Round 15,20261503,Daniel Curtin,140cd17,Adelaide,Adel,images/afl_logos/Adel-40.png,1.6,0.3,-0.1,-0.5,1.4,10.22,0.2,0.4,3.3,-1.9,0,69,74,0.02,0,83,14,6,20,75,376,197,3,4,0,14,0,4,3,3,2,9,4,7,0,1,0,1,1,0,0,0,1,0,1,1.6,-0.6,0,5,1
2026,Round 15,20261503,Blake Howes,140b222,Melbourne,Melb,images/afl_logos/Melb-40.png,-0.3,1.7,1,-1.2,1.3,7.2,0,1.1,2.2,-1.4,0,40,40,0,0,78,4,7,11,63.6,118,220,2,3,2,10,0,3,3,2,2,5,3,2,0,1,0,0,1,0,0,0,0,0,0,0,0,0,3,1
2026,Round 15,20261503,Luker Kentfield,140ce51,Melbourne,Melb,images/afl_logos/Melb-40.png,1.6,0.3,-0.5,-0.1,1.3,4.87,0,1.2,2.9,-1.8,0,25,16,0,0,29,3,2,5,40,58,-3,0,0,0,2,0,3,1,1,1,2,2,1,0,1,9,1,2,23,5,2,1,0,1,1.8,-0.8,0,1,1
2026,Round 15,20261503,Matthew Jefferson,140cafe,Melbourne,Melb,images/afl_logos/Melb-40.png,3.1,-2.7,-2.2,2.7,0.9,4.99,-0.7,-0.3,4.2,0.8,0,40,38,0,0,67,4,3,7,57.1,147,31,1,2,1,10,0,4,3,4,3,1,1,3,1,0,0,0,0,0,0,0,3,2,1,11.9,1.1,0,3,0
2026,Round 15,20261503,Jake Melksham,22cd78,Melbourne,Melb,images/afl_logos/Melb-40.png,-1.1,1.6,-0.6,-0.6,-0.6,7.15,0,-2.1,3.1,-1.4,0,12,10,0,0,70,1,2,3,66.7,-27,17,0,3,2,14,0,4,2,4,2,0,1,0,0,0,0,0,0,0,0,0,0,0,0,0,0,0,0,0
2026,Round 15,20261503,Paddy Cross,140c0d7,Melbourne,Melb,images/afl_logos/Melb-40.png,-0.3,0.3,-0.5,-0.6,-1.1,5.42,0.4,-4.1,2.6,-5,0,29,34,0,0,58,5,1,6,33.3,88,-5,0,2,4,12,0,3,2,3,2,2,0,1,0,0,0,0,0,0,0,0,4,0,3,8.7,-5.7,0,4,0
2026,Round 15,20261504,Patrick Cripps,2da270,Carlton,Carl,images/afl_logos/Carl-40.png,4.3,6.9,4.6,2.9,18.7,13.29,9,4.6,8.2,7.3,8,117,93,2.05,37,81,14,19,33,66.7,451,288,6,5,3,14,0,16,14,5,5,14,3,2,0,0,88,7,8,4,0,0,1,0,0,2.5,-2.5,1,8,1
2026,Round 15,20261504,George Hewett,230114,Carlton,Carl,images/afl_logos/Carl-40.png,3.7,4.8,6.5,3.1,18.1,11.17,6.8,6.1,6.9,5.8,8,138,128,1.48,22,76,16,14,30,93.3,386,266,5,2,4,15,0,8,3,3,2,12,3,9,1,1,67,5,5,0,0,0,2,1,1,7.2,-0.2,0,11,3
2026,Round 15,20261504,Harvey Thomas,140dc55,Greater Western Sydney,GWS,images/afl_logos/GWS-40.png,4.4,2.1,5.7,3.7,15.8,11.09,2.1,10.2,8.2,4.8,0,89,69,0,0,84,8,10,18,72.2,292,84,2,3,6,23,0,12,10,8,8,4,4,2,0,0,0,2,2,0,0,0,0,0,0,0,0,0,4,2
2026,Round 15,20261504,Kieren Briggs,1409034,Greater Western Sydney,GWS,images/afl_logos/GWS-40.png,2.7,3.7,5.5,3.5,15.3,12.07,7.8,6,4.7,6.1,0,110,85,0,0,68,9,3,12,75,170,101,0,2,3,14,0,7,2,3,2,2,3,2,1,0,75,4,6,55,32,12,0,0,0,0,0,0,6,4
2026,Round 15,20261504,Sam Walsh,140870e,Carlton,Carl,images/afl_logos/Carl-40.png,2.5,3.4,5.1,4.2,15.1,11.92,5.4,4.3,4.7,5.7,8,112,109,1.99,35,81,11,23,34,79.4,270,627,2,2,2,14,0,9,9,2,2,18,1,6,0,0,83,5,6,0,0,0,2,1,1,5.5,1.5,0,9,0
2026,Round 15,20261504,Lachie Ash,1409365,Greater Western Sydney,GWS,images/afl_logos/GWS-40.png,2.4,3.7,0.4,8.3,14.8,12.58,0.3,10.9,4.9,5.7,0,113,91,0,0,89,18,8,26,80.8,594,150,3,4,0,13,2,4,4,4,4,11,5,8,0,1,0,0,0,0,0,0,0,0,0,0,0,0,5,0
2026,Round 15,20261504,Jagga Smith,140dea3,Carlton,Carl,images/afl_logos/Carl-40.png,6.7,4.1,-0.5,3.6,14,9.45,6.3,3.8,7.2,2.8,4,86,70,0.2,3,72,11,15,26,80.8,310,197,6,4,1,14,0,12,7,4,1,11,4,1,0,1,54,6,7,0,0,0,0,0,0,0,0,0,5,2
2026,Round 15,20261504,Matthew Cottrell,1408f1a,Carlton,Carl,images/afl_logos/Carl-40.png,0.7,0.4,4.1,8.4,13.6,8.64,0,11.1,3.3,7.7,0,98,69,0,0,83,11,5,16,75,356,158,4,4,3,11,0,4,3,4,3,8,4,0,0,0,0,0,0,0,0,0,3,2,1,7.1,5.9,0,6,2
2026,Round 15,20261504,Adam Cerra,14077ff,Carlton,Carl,images/afl_logos/Carl-40.png,3.3,3.8,2.4,2.6,12,9.46,0,10,9.5,0.5,0,67,68,0,0,74,11,7,18,61.1,326,209,3,7,2,18,0,9,7,8,7,6,8,4,0,3,0,0,0,0,0,0,0,0,0,0,0,0,2,1
2026,Round 15,20261504,Francis Evans,140b2a7,Carlton,Carl,images/afl_logos/Carl-40.png,1.9,7.6,3.3,-1.1,11.6,7.62,0,10.5,3.5,10.8,0,48,31,0,0,75,5,2,7,85.7,154,88,0,2,0,16,0,4,4,4,4,1,2,1,0,0,0,0,0,0,0,0,3,3,0,8,10,0,6,2
2026,Round 15,20261504,Will Hayward,2dbb6c,Carlton,Carl,images/afl_logos/Carl-40.png,0.2,3.4,3.8,4.2,11.5,7.1,0.4,8.6,6.8,2.9,0,82,76,0.01,0,78,9,8,17,64.7,317,206,6,4,0,6,0,6,4,4,2,4,2,8,2,0,0,2,1,0,0,0,3,2,0,10.5,1.5,0,4,0
2026,Round 15,20261504,Sam Taylor,14083bf,Greater Western Sydney,GWS,images/afl_logos/GWS-40.png,5.6,0.5,3.3,1.9,11.4,9.1,0,9.8,8.1,0,0,61,35,0,0,80,2,8,10,80,117,190,0,2,1,3,0,7,5,7,5,1,7,4,2,2,0,0,0,0,0,0,0,0,0,0,0,0,0,0
2026,Round 15,20261504,Conor Stone,140ad36,Greater Western Sydney,GWS,images/afl_logos/GWS-40.png,-1.9,10.8,-0.2,2.7,11.4,6.64,4.2,8.3,5.5,7.4,0,78,59,0,0,53,9,4,13,69.2,259,197,1,5,1,10,0,6,4,5,3,6,6,3,0,1,0,1,1,0,0,0,3,2,1,7.9,5.1,0,6,2
2026,Round 15,20261504,Toby Greene,230630,Greater Western Sydney,GWS,images/afl_logos/GWS-40.png,2,3.8,5.8,-0.2,11.4,10.31,2.9,5.8,4.4,5.5,0,64,73,0,0,81,10,5,15,53.3,297,111,3,4,0,13,0,6,3,3,2,2,0,4,0,0,0,2,3,0,0,0,4,3,1,18.1,0.9,1,5,1
2026,Round 15,20261504,Nic Newman,231033,Carlton,Carl,images/afl_logos/Carl-40.png,1.7,1.4,1.9,5.9,10.9,8.95,0,7.2,4.3,3.5,1,92,108,0.04,0,82,20,5,25,84,579,332,3,0,1,11,5,4,3,4,3,4,6,12,1,2,0,0,0,0,0,0,1,0,1,2.3,-1.3,1,4,2
2026,Round 15,20261504,Brent Daniels,140780b,Greater Western Sydney,GWS,images/afl_logos/GWS-40.png,3.9,2,2.1,2.9,10.9,13.15,1.1,4.8,3.2,4.4,0,69,76,0,0,80,7,11,18,72.2,290,373,2,7,6,27,0,5,4,3,2,10,1,4,1,1,92,2,1,0,0,0,1,1,0,2.6,3.4,0,4,1
2026,Round 15,20261504,Clayton Oliver,2db9dd,Greater Western Sydney,GWS,images/afl_logos/GWS-40.png,0.9,2.8,5.7,1.6,10.9,13.19,2.6,5.6,7,1.8,0,78,97,0.02,0,79,13,16,29,55.2,362,259,7,10,5,24,0,12,7,5,5,10,5,3,0,0,83,5,6,0,0,0,1,0,0,1.6,-1.6,0,3,0
2026,Round 15,20261504,Finn Callaghan,140ca22,Greater Western Sydney,GWS,images/afl_logos/GWS-40.png,0.6,3.4,3.8,2.5,10.2,14.18,4.5,2.1,6.5,0,0,103,102,0.14,2,83,16,15,31,58.1,669,245,6,10,5,17,0,12,7,3,2,18,3,1,0,0,79,7,7,0,0,0,1,0,0,2.3,-2.3,1,7,3
2026,Round 15,20261504,Mitch McGovern,230da7,Carlton,Carl,images/afl_logos/Carl-40.png,1,2.6,2.9,3.5,10,8.44,0,7.2,6.3,3,0,57,56,0,0,78,9,2,11,72.7,113,221,2,3,3,16,0,5,2,5,2,1,2,5,2,1,0,0,0,0,0,0,2,0,0,4.6,-4.6,1,3,0
2026,Round 15,20261504,Nick Haynes,2305e1,Carlton,Carl,images/afl_logos/Carl-40.png,0.7,1.7,3,4,9.3,8.74,0.8,8.3,5.7,2.7,1,75,67,0,0,87,12,6,18,83.3,315,151,0,6,2,6,0,5,2,4,1,10,7,4,0,2,0,1,1,0,0,0,0,0,0,0,0,0,2,1
2026,Round 15,20261504,Toby Bedford,1408f0b,Greater Western Sydney,GWS,images/afl_logos/GWS-40.png,2.2,2.2,1.2,3.7,9.3,9.28,0.4,6,3.6,2.9,0,62,50,0,0,76,5,9,14,92.9,175,187,2,1,3,26,0,5,4,4,3,5,1,2,0,0,38,0,1,0,0,0,1,0,1,2.9,-1.9,0,6,0
2026,Round 15,20261504,Lachie Whitfield,230221,Greater Western Sydney,GWS,images/afl_logos/GWS-40.png,0.2,2.9,6.3,-0.1,9.3,10.41,0.9,7,3.9,4,0,88,83,0,0,83,14,11,25,80,383,311,0,4,1,12,3,6,4,5,4,10,4,4,0,0,0,1,0,0,0,0,0,0,0,0,0,1,2,0
2026,Round 15,20261504,Harry McKay,14072f9,Carlton,Carl,images/afl_logos/Carl-40.png,2.7,0.6,3.2,2.7,9.1,8.72,1.4,5.9,6.5,0.1,0,77,79,0.02,0,84,12,3,15,86.7,339,88,3,3,1,11,0,8,0,6,0,2,2,7,1,1,25,1,2,13,1,1,2,1,1,8.1,-1.1,0,2,0
2026,Round 15,20261504,Connor Idun,1408ed3,Greater Western Sydney,GWS,images/afl_logos/GWS-40.png,2.3,0.8,4,1.9,9,10.39,-0.9,7,3.1,0.1,0,87,70,0,0,100,16,4,20,80,380,288,1,2,0,3,6,3,1,3,1,7,4,5,0,1,0,0,0,0,0,0,0,0,0,0,0,0,4,2
2026,Round 15,20261504,Marc Pittonet,2311b2,Carlton,Carl,images/afl_logos/Carl-40.png,-1.3,5.1,4.6,0.1,8.5,11.93,0.1,5.5,3.4,4,0,60,63,0,0,71,2,11,13,84.6,33,213,1,0,5,9,0,6,5,4,4,4,4,1,0,0,75,2,3,59,21,5,0,0,0,0,0,1,5,3
2026,Round 15,20261504,Lachlan Cowan,140c2a9,Carlton,Carl,images/afl_logos/Carl-40.png,0.2,2.6,3.1,2.4,8.3,7.33,0.1,6.7,4.5,0.7,0,81,73,0,0,77,14,6,20,75,466,81,2,5,1,6,0,4,4,3,3,9,7,6,0,2,0,0,1,0,0,0,0,0,0,0,0,0,3,1
2026,Round 15,20261504,Blake Acres,2309e6,Carlton,Carl,images/afl_logos/Carl-40.png,1.6,3.5,3.5,-1.3,7.3,7.94,-0.4,7.3,3.4,2.8,0,86,100,0.01,0,86,13,12,25,68,428,174,5,6,3,20,0,6,4,3,3,8,4,8,0,0,0,2,2,0,0,0,1,0,0,2.1,-2.1,1,7,2
2026,Round 15,20261504,Callum Brown,140a616,Greater Western Sydney,GWS,images/afl_logos/GWS-40.png,1.9,0.2,3.2,1.8,7.1,7.25,-0.1,5.3,3.8,2,0,45,39,0,0,66,5,5,10,70,188,198,1,1,1,12,0,5,3,4,3,2,1,4,0,0,0,1,1,0,0,0,1,0,1,1.7,-0.7,0,6,0
2026,Round 15,20261504,Ben Ainsworth,2dbf72,Carlton,Carl,images/afl_logos/Carl-40.png,2.9,2.2,2.3,-1,6.5,7.46,1.1,2.9,2.8,2.6,0,67,58,0,0,76,9,7,16,75,317,230,4,2,0,6,0,4,4,3,3,4,3,5,0,0,8,1,1,0,0,0,3,1,2,7.9,0.1,2,8,3
2026,Round 15,20261504,Harry Himmelberg,2dabd3,Greater Western Sydney,GWS,images/afl_logos/GWS-40.png,0.8,2.3,0.5,2.6,6.1,9.24,-1.3,6.4,4.4,-3.2,0,81,67,0,0,92,12,7,19,73.7,302,223,1,3,0,5,5,3,1,3,1,7,5,5,0,2,0,0,0,0,0,0,0,0,0,0,0,0,2,1
2026,Round 15,20261504,Harry Dean,140f07c,Carlton,Carl,images/afl_logos/Carl-40.png,1.5,0.3,2.9,1.4,6,7.64,0.7,5.3,4.7,-1.9,0,65,39,0,0,87,7,3,10,70,78,99,0,1,0,7,0,4,2,4,2,2,6,4,2,2,0,0,0,0,0,0,0,0,0,0,0,0,1,1
2026,Round 15,20261504,Wade Derksen,140ae4c,Carlton,Carl,images/afl_logos/Carl-40.png,0.8,0.9,1.5,2.6,5.8,5.6,0,4.1,4.9,-2.6,0,68,70,0,0,81,10,8,18,66.7,131,291,0,2,2,6,0,7,5,7,5,6,8,5,1,2,0,0,0,0,0,0,0,0,0,0,0,0,2,2
2026,Round 15,20261504,Stephen Coniglio,22f901,Greater Western Sydney,GWS,images/afl_logos/GWS-40.png,-1.5,2,3.4,1.7,5.6,7.64,2.8,0,5.2,-1.7,0,61,55,0,0,77,6,15,21,71.4,149,275,2,4,0,14,0,8,6,4,4,10,3,2,0,0,8,3,1,0,0,0,1,0,1,3.8,-2.8,0,3,0
2026,Round 15,20261504,Phoenix Gothard,140ec6a,Greater Western Sydney,GWS,images/afl_logos/GWS-40.png,0.2,0.3,5,-0.3,5.2,10.88,-0.3,3.9,1.7,2.1,0,36,31,0,0,71,2,5,7,85.7,71,128,0,0,1,12,0,2,1,2,1,4,1,1,0,0,0,0,0,0,0,0,2,1,1,5.7,1.3,0,3,0
2026,Round 15,20261504,Brodie Kemp,1409359,Carlton,Carl,images/afl_logos/Carl-40.png,-0.7,3.2,-0.6,3.2,5.1,6.77,0,2.1,5.6,-4.4,0,75,77,0,0,88,9,2,11,45.5,249,144,2,0,4,15,0,4,2,4,2,2,0,6,1,0,0,0,0,0,0,0,6,1,5,18.8,-7.8,0,8,0
2026,Round 15,20261504,Oliver Florent,2dbf57,Carlton,Carl,images/afl_logos/Carl-40.png,-1,1.8,2.6,1,4.4,9.76,2,0.9,3.3,0.2,0,47,56,0,0,80,12,7,19,73.7,376,242,3,6,0,13,3,4,4,2,2,8,3,3,0,1,0,1,1,0,0,0,0,0,0,0,0,0,4,1
2026,Round 15,20261504,Billy Wilson,140db5e,Carlton,Carl,images/afl_logos/Carl-40.png,1.3,0.7,1.9,0.5,4.3,7.24,2.3,0.2,1.5,0.9,0,47,52,0,0,75,7,8,15,80,217,145,0,3,2,12,2,3,2,1,0,8,1,2,0,0,0,2,1,0,0,0,0,0,0,0,0,0,2,1
2026,Round 15,20261504,Ryan Angwin,140ace1,Greater Western Sydney,GWS,images/afl_logos/GWS-40.png,2.9,-1.4,2,0.4,4,8.68,0,3.2,3,1.4,0,49,52,0,0,83,6,9,15,80,246,78,2,4,3,13,0,4,2,4,2,9,3,2,1,0,0,0,0,0,0,0,0,0,0,0,0,0,3,1
2026,Round 15,20261504,Jake Stringer,23007c,Greater Western Sydney,GWS,images/afl_logos/GWS-40.png,0.7,1.4,1.7,0.2,4,9.76,0,1.4,2.6,0.1,0,33,33,0,0,87,5,2,7,57.1,225,68,3,1,1,24,0,1,1,1,1,3,0,3,0,0,0,0,0,0,0,0,2,0,1,3.8,-2.8,1,4,0
2026,Round 15,20261504,Leek Aleer,1409133,Greater Western Sydney,GWS,images/afl_logos/GWS-40.png,1.4,4,-1.1,-0.5,3.8,7.22,1.8,2.1,7.1,0.8,0,66,67,0,0,53,3,9,12,75,80,164,1,3,7,12,0,8,6,6,5,1,5,4,1,1,25,2,1,21,9,4,0,0,0,0,0,1,3,2
2026,Round 15,20261504,Jayden Laverde,2311a8,Greater Western Sydney,GWS,images/afl_logos/GWS-40.png,4.7,-1,0,0,3.8,7.11,0,3,4.1,-1.4,0,48,46,0,0,47,6,4,10,70,195,53,1,2,2,3,0,3,3,3,3,1,5,5,0,2,0,0,0,0,0,0,0,0,0,0,0,0,1,1
2026,Round 15,20261504,Joe Fonti,140eeb5,Greater Western Sydney,GWS,images/afl_logos/GWS-40.png,0.7,1.6,-0.3,1.1,3.1,7.42,-1.3,2.7,1.8,-1.8,0,59,81,0,0,88,14,5,19,68.4,379,208,3,6,2,6,0,2,1,1,1,7,5,8,0,2,0,1,1,0,0,0,1,0,0,2.2,-2.2,0,2,0
2026,Round 15,20261504,Jesse Hogan,230a04,Greater Western Sydney,GWS,images/afl_logos/GWS-40.png,0.1,0.7,2.9,-1,2.7,7.37,0,0.1,3.1,-1.2,0,56,54,0,0,84,7,3,10,70,199,20,3,2,2,7,0,3,1,3,1,2,0,4,1,0,0,0,0,0,0,0,4,1,3,12.9,-3.9,1,5,0
2026,Round 15,20261504,Aaron Cadman,140b99e,Greater Western Sydney,GWS,images/afl_logos/GWS-40.png,1.3,-1.2,2.2,0.3,2.6,8.85,0,1.4,1.4,0.3,0,59,35,0,0,96,5,2,7,71.4,123,147,2,2,0,7,0,0,0,0,0,2,0,4,0,0,0,0,0,0,0,0,2,1,1,8.3,-1.3,1,5,0
2026,Round 15,20261504,Talor Byrne,140fd8a,Carlton,Carl,images/afl_logos/Carl-40.png,0.3,-1.5,0.8,0.8,0.3,4.71,0,0.2,2.4,-3,0,27,21,0,0,61,3,2,5,40,124,31,2,3,2,17,0,3,2,3,2,1,1,1,0,0,0,0,0,0,0,0,1,0,1,3,-2,0,2,0
2026,Round 15,20261504,Jack Ison,140f06a,Carlton,Carl,images/afl_logos/Carl-40.png,-0.5,0.7,-0.4,0,-0.2,5.75,0,-2.4,0.8,-2.8,0,32,45,0,0,64,4,2,6,50,162,0,2,2,4,18,0,1,1,1,1,1,1,5,0,0,0,0,0,0,0,0,1,0,1,2,-1,0,2,0
2026,Round 15,20261505,Jordan De Goey,2db009,Collingwood,Coll,images/afl_logos/Coll-40.png,4.4,9,8.2,0.4,22,9.89,2.8,17.1,8.7,11.2,9,133,116,2.24,28,81,17,9,26,57.7,571,180,9,5,1,8,0,11,8,6,5,6,2,8,1,0,57,4,6,0,0,0,5,3,1,16.6,2.4,2,8,1
2026,Round 15,20261505,Nick Daicos,140ca1d,Collingwood,Coll,images/afl_logos/Coll-40.png,5.4,6.8,4.9,2.2,19.4,15.36,6.3,8.3,7.7,6.7,9,159,148,2.71,71,90,23,18,41,78,486,497,6,5,4,19,0,14,11,3,2,16,2,6,0,0,90,9,9,0,0,0,2,1,1,6.9,0.1,1,10,3
2026,Round 15,20261505,Zak Butters,1408729,Port Adelaide,Port,images/afl_logos/Port-40.png,4.7,5.6,4.5,4.1,18.9,17.21,7.8,6.4,4.3,9.8,0,124,100,0.05,0,81,18,7,25,88,278,288,3,3,4,24,0,8,4,1,1,12,0,3,0,0,76,7,6,0,0,0,1,1,0,3.1,2.9,1,7,1
2026,Round 15,20261505,Jordon Sweet,2da8ca,Port Adelaide,Port,images/afl_logos/Port-40.png,5.1,4.4,2.6,6.6,18.7,10.89,12.1,4.5,8.7,4.1,0,121,98,0.01,0,88,11,9,20,55,385,168,5,3,2,12,0,13,7,4,4,1,4,2,0,1,90,8,10,65,34,12,0,0,0,0,0,0,5,4
2026,Round 15,20261505,Jeremy Howe,22f671,Collingwood,Coll,images/afl_logos/Coll-40.png,4.7,2.1,5.5,5.5,17.7,9.87,0,17.9,8.9,5.6,6,133,93,0.22,0,100,20,4,24,95.8,470,370,1,3,1,6,8,5,3,5,3,4,10,7,2,6,0,0,0,0,0,0,0,0,0,0,0,0,4,4
2026,Round 15,20261505,Willem Drew,140730c,Port Adelaide,Port,images/afl_logos/Port-40.png,1.8,4.4,2.5,5.9,14.5,11.01,1.3,11.3,5.2,7.6,0,102,106,0.01,0,91,15,12,27,77.8,413,378,3,6,4,17,0,8,6,6,5,9,5,7,0,0,43,2,3,0,0,0,0,0,0,0,0,1,6,0
2026,Round 15,20261505,Edward Allan,140c8c3,Collingwood,Coll,images/afl_logos/Coll-40.png,6.5,2,2.2,2.9,13.6,8.77,0.1,10,6.3,4.7,0,68,47,0.01,0,78,5,15,20,85,205,293,4,2,1,18,0,9,6,7,5,11,3,0,0,0,81,2,2,0,0,0,0,0,0,0,0,0,4,0
2026,Round 15,20261505,Josh Daicos,14082fe,Collingwood,Coll,images/afl_logos/Coll-40.png,2.7,1.5,2.1,5.5,11.7,10.68,0,7.4,2.6,4.7,0,92,107,0.05,0,86,16,14,30,90,528,163,2,3,1,13,2,4,4,3,3,13,3,9,0,0,0,1,1,0,0,0,0,0,0,0,0,0,5,0
2026,Round 15,20261505,Steele Sidebottom,22ce05,Collingwood,Coll,images/afl_logos/Coll-40.png,1.7,1.9,4.7,3.3,11.5,8.52,3.1,4.5,4.3,3.4,0,92,96,0.03,0,80,13,12,25,84,338,366,1,0,3,17,0,5,5,3,3,12,4,7,0,1,0,3,2,0,0,0,0,0,0,0,0,0,6,1
2026,Round 15,20261505,Ned Long,140b224,Collingwood,Coll,images/afl_logos/Coll-40.png,3.8,5,1.6,1.1,11.4,8.29,1,5.2,4.1,1.7,0,72,75,0.01,0,66,7,13,20,65,258,220,2,2,4,15,0,4,4,2,2,11,2,4,0,1,24,1,1,0,0,0,0,0,0,0,0,1,4,0
2026,Round 15,20261505,Daniel McStay,230ea0,Collingwood,Coll,images/afl_logos/Coll-40.png,2,5.9,1.3,2,11.2,7.06,-0.4,10,6.2,3.9,0,64,69,0.01,0,73,7,3,10,60,315,20,4,3,4,9,0,3,1,3,1,0,3,7,2,3,19,0,0,18,2,1,1,1,0,2.2,3.8,0,3,1
2026,Round 15,20261505,Jase Burgoyne,140a3d6,Port Adelaide,Port,images/afl_logos/Port-40.png,2.8,4.1,1.9,2.4,11.2,7.76,0.5,5.4,3.8,3.2,0,92,102,0.01,0,79,16,7,23,60.9,445,237,9,3,6,16,3,5,4,5,4,7,4,5,0,0,57,1,0,0,0,0,0,0,0,0,0,1,7,2
2026,Round 15,20261505,Sam Swadling,140ffdd,Collingwood,Coll,images/afl_logos/Coll-40.png,0.2,2.5,7.3,0.9,10.9,5.36,6.6,1.3,3.4,5.1,0,82,56,0.01,0,59,7,11,18,77.8,242,96,3,2,1,9,0,6,5,3,2,11,1,2,0,0,0,2,2,0,0,0,1,1,0,2.3,3.7,0,4,1
2026,Round 15,20261505,Lachie Jones,1409c7f,Port Adelaide,Port,images/afl_logos/Port-40.png,4.5,0.4,1.3,4.7,10.9,7.47,-0.3,8.5,6,2.2,0,55,42,0,0,93,7,5,12,66.7,242,117,1,1,0,11,1,6,3,6,3,2,8,3,0,1,0,0,0,0,0,0,0,0,0,0,0,0,1,1
2026,Round 15,20261505,Jason Horne-Francis,1409cb8,Port Adelaide,Port,images/afl_logos/Port-40.png,1.9,5,1.4,2.5,10.9,11.92,5.3,2.8,8.3,0.8,3,128,124,0.48,0,83,19,11,30,66.7,401,439,4,4,6,23,0,15,8,4,2,8,1,9,1,0,62,6,9,0,0,0,1,0,1,2.9,-1.9,0,7,1
2026,Round 15,20261505,Josh Lai,1410cac,Port Adelaide,Port,images/afl_logos/Port-40.png,0.2,1.3,5.2,3.9,10.6,6.59,0,7.4,4.4,1.8,0,65,63,0,0,87,8,5,13,76.9,330,126,4,3,2,15,0,2,1,2,1,3,4,8,1,3,0,0,0,0,0,0,0,0,0,0,0,0,2,1
2026,Round 15,20261505,Isaac Quaynor,1408ed9,Collingwood,Coll,images/afl_logos/Coll-40.png,3.7,2.6,1.6,1.4,9.3,8.21,0.9,6.4,4.6,1.1,0,100,78,0.02,0,82,11,10,21,90.5,407,363,0,6,1,10,0,5,4,4,3,5,7,8,1,1,0,1,1,0,0,0,0,0,0,0,0,0,2,1
2026,Round 15,20261505,Tim Membrey,230344,Collingwood,Coll,images/afl_logos/Coll-40.png,4.4,0.9,4.3,-0.3,9.3,5.54,0,8.8,3.1,6.3,0,82,62,0.02,0,78,7,2,9,88.9,156,158,2,3,1,9,0,2,1,2,1,1,0,6,1,0,0,0,0,0,0,0,3,3,0,13,5,0,5,0
2026,Round 15,20261505,Billy Frampton,2da69d,Collingwood,Coll,images/afl_logos/Coll-40.png,3.2,1,2.7,2.4,9.3,8.79,0,9.3,5,1,0,66,47,0,0,100,6,7,13,100,119,167,0,0,0,2,0,3,2,3,2,3,6,7,1,3,0,0,0,0,0,0,0,0,0,0,0,0,4,3
2026,Round 15,20261505,Darcy Byrne-Jones,2da73a,Port Adelaide,Port,images/afl_logos/Port-40.png,5.1,-1,4,1.1,9.2,7.91,1.3,8.7,5.5,3.6,3,121,131,0.05,0,78,25,9,34,82.4,450,450,3,4,2,12,4,8,8,7,7,10,7,10,0,0,0,1,0,0,0,0,0,0,0,0,0,0,8,2
2026,Round 15,20261505,Esava Ratugolea,14077ec,Port Adelaide,Port,images/afl_logos/Port-40.png,3.1,4,1.9,0,9,7.96,0,9,7.7,0.3,0,75,53,0,0,71,10,0,10,100,145,135,0,2,1,2,0,4,2,4,2,0,10,6,1,6,0,0,0,0,0,0,0,0,0,0,0,0,5,5
2026,Round 15,20261505,Joe Richards,1408f6f,Port Adelaide,Port,images/afl_logos/Port-40.png,0.8,1.3,5.2,1.6,8.8,9.14,2.7,3.4,2.6,3.1,0,79,61,0,0,84,8,8,16,87.5,177,193,2,2,3,28,0,4,4,2,2,7,2,3,0,0,48,1,0,0,0,0,0,0,0,0,0,0,2,0
2026,Round 15,20261505,Jack Crisp,23006f,Collingwood,Coll,images/afl_logos/Coll-40.png,-0.2,1,3.8,3.7,8.3,10.62,0.8,5.9,3,3.9,0,70,49,0.01,0,82,7,10,17,82.4,313,158,4,5,2,18,0,4,2,2,0,13,1,1,0,0,29,1,1,0,0,0,0,0,0,0,0,0,7,1
2026,Round 15,20261505,Corey Durdin,140907e,Port Adelaide,Port,images/afl_logos/Port-40.png,1.5,1.9,2.7,2.1,8.2,6.92,0,5.3,5.3,0.1,0,73,63,0,0,78,7,7,14,64.3,143,89,1,1,5,15,0,8,7,8,7,3,0,2,0,0,0,0,0,0,0,0,1,0,1,2.8,-1.8,0,6,0
2026,Round 15,20261505,Lachie Schultz,140729c,Collingwood,Coll,images/afl_logos/Coll-40.png,0.2,0.7,4.2,3,8.1,8.99,-0.6,6.4,5.1,2.7,0,73,66,0.02,0,86,8,4,12,83.3,189,100,0,4,2,18,0,6,3,5,3,1,0,5,1,0,0,1,1,0,0,0,3,2,1,13.7,-0.7,0,7,0
2026,Round 15,20261505,Patrick Lipinski,1407b7a,Collingwood,Coll,images/afl_logos/Coll-40.png,3.6,2,2.2,0.2,8,8.81,1.3,5.4,7.5,-2.3,0,86,80,0.01,0,73,9,12,21,85.7,185,231,0,0,1,11,1,4,4,2,2,9,3,8,0,3,0,2,1,0,0,0,1,0,1,5.3,-4.3,0,6,2
2026,Round 15,20261505,Aliir Aliir,2302c5,Port Adelaide,Port,images/afl_logos/Port-40.png,1,6,-0.2,1.1,8,9.53,0,4.5,5.5,-3.3,0,78,71,0,0,93,12,2,14,78.6,284,198,0,2,1,1,0,2,0,2,0,5,4,9,2,4,0,0,0,0,0,0,0,0,0,0,0,0,2,0
2026,Round 15,20261505,Logan Evans,140bd22,Port Adelaide,Port,images/afl_logos/Port-40.png,-0.6,2,4.4,1.9,7.7,7.39,2.6,2.3,3.3,3,0,80,73,0,0,84,14,7,21,85.7,358,348,1,4,0,8,4,5,3,4,2,7,5,6,0,0,0,1,0,0,0,0,0,0,0,0,0,0,4,3
2026,Round 15,20261505,Jack Whitlock,140ec75,Port Adelaide,Port,images/afl_logos/Port-40.png,0.2,4.4,0.5,2,7,5.05,0,4.4,2.9,1.5,0,57,57,0,0,81,5,5,10,80,93,103,1,1,0,7,0,2,1,2,1,0,0,6,0,0,0,0,0,0,0,0,3,2,1,9.3,3.7,0,7,0
2026,Round 15,20261505,Dan Houston,2db077,Collingwood,Coll,images/afl_logos/Coll-40.png,3.8,1.5,2.6,-1,6.9,9.54,4,1.2,5.5,-1.2,0,84,66,0.01,0,84,12,7,19,68.4,302,186,2,3,1,6,4,6,6,3,3,4,4,4,0,1,0,3,2,0,0,0,0,0,0,0,0,0,2,1
2026,Round 15,20261505,Jack Lukosius,1407f3f,Port Adelaide,Port,images/afl_logos/Port-40.png,2.9,3.9,0,0,6.8,8.06,0,4.6,1.8,1.6,0,68,58,0,0,42,10,0,10,60,348,68,5,4,3,7,0,2,0,2,0,4,1,5,1,0,0,0,0,0,0,0,0,0,0,0,0,1,4,0
2026,Round 15,20261505,Ewan Mackinlay,140dc2f,Port Adelaide,Port,images/afl_logos/Port-40.png,1,3.5,1.7,0,6.3,7.86,-0.1,5.3,1.7,3.5,0,36,40,0,0,66,7,2,9,44.4,211,30,2,3,0,5,0,3,2,2,2,3,2,3,0,0,0,0,1,0,0,0,1,1,0,3.2,2.8,0,2,0
2026,Round 15,20261505,Beau McCreery,14081d5,Collingwood,Coll,images/afl_logos/Coll-40.png,0,1.3,1.6,3.3,6.2,9.05,0,4.6,1.6,4,0,30,25,0,0,79,3,6,9,77.8,101,114,1,2,1,21,0,2,1,1,0,5,0,1,1,0,19,0,0,0,0,0,0,0,0,0,0,0,3,0
2026,Round 15,20261505,Joe Berry,140deb1,Port Adelaide,Port,images/afl_logos/Port-40.png,4.4,0.1,1.1,0.3,5.9,7.95,0.8,3.6,2.1,2.4,0,37,24,0,0,63,3,6,9,88.9,64,157,0,0,0,20,0,3,3,2,2,4,0,1,0,0,0,1,1,0,0,0,0,0,0,0,0,0,4,0
2026,Round 15,20261505,Roan Steele,140daad,Collingwood,Coll,images/afl_logos/Coll-40.png,2.8,1.2,-0.3,0.4,4.1,7.86,-0.2,5.2,1,4.6,0,28,34,0,0,72,6,5,11,54.5,162,77,1,2,0,8,0,2,1,1,1,5,1,2,0,0,0,0,1,0,0,0,0,0,0,0,0,1,1,0
2026,Round 15,20261505,Harvey Harrison,140ab24,Collingwood,Coll,images/afl_logos/Coll-40.png,0,2.4,2,-0.8,3.6,7.21,0,1.6,1,1.2,0,32,41,0,0,68,4,3,7,57.1,128,100,1,2,5,15,0,1,1,1,1,4,1,2,0,0,0,0,0,0,0,0,1,0,0,3.2,-3.2,0,3,0
2026,Round 15,20261505,Darcy Cameron,2da0d3,Collingwood,Coll,images/afl_logos/Coll-40.png,-1.4,1.9,2.5,0.4,3.4,11.67,0.8,1.8,4.4,-0.7,0,66,55,0,0,77,5,6,11,81.8,-20,136,0,2,2,10,0,4,2,3,2,4,5,4,1,3,81,0,1,55,11,5,0,0,0,0,0,0,1,0
2026,Round 15,20261505,Jackson Mead,140840e,Port Adelaide,Port,images/afl_logos/Port-40.png,1.2,0.3,0.9,0.2,2.7,6.83,0.3,0.5,2.2,-0.5,0,41,44,0,0,76,9,4,13,46.2,230,132,4,4,0,17,0,3,3,1,1,4,1,4,0,0,14,2,2,0,0,0,0,0,0,0,0,0,2,0
2026,Round 15,20261505,Tom Cochrane,140c6a3,Port Adelaide,Port,images/afl_logos/Port-40.png,0.3,0.2,0.4,1.5,2.3,5.21,-0.4,0.9,2.9,-2.4,0,20,38,0,0,62,6,3,9,22.2,212,37,2,4,1,8,0,4,3,3,3,2,1,3,0,0,0,0,1,0,0,0,2,0,1,5.1,-4.1,0,2,0
2026,Round 15,20261505,Xavier Bamert,140f059,Port Adelaide,Port,images/afl_logos/Port-40.png,1.2,-0.1,0.4,-0.5,0.9,4.54,0,-0.9,2.8,-3.7,0,56,69,0,0,74,10,5,15,53.3,216,269,3,1,0,16,0,3,3,3,3,4,1,7,0,0,0,0,0,0,0,0,4,1,2,12.6,-4.6,0,7,0
2026,Round 15,20261505,Harrison Ramm,140d9ef,Port Adelaide,Port,images/afl_logos/Port-40.png,0.7,0.4,-1.5,1.1,0.8,3.6,-0.6,0.8,0.8,0.1,0,14,10,0,0,74,0,1,1,0,-2,0,0,0,2,13,0,1,1,1,1,0,1,0,0,0,10,0,0,8,3,0,0,0,0,0,0,0,0,0
2026,Round 15,20261505,Mitch Podhajski,1408252,Collingwood,Coll,images/afl_logos/Coll-40.png,-1.6,0.1,0.7,-0.3,-1.1,5.55,0,-0.8,2.4,-3.3,0,45,38,0,0,68,6,2,8,50,144,63,0,1,2,9,0,3,3,3,3,2,2,2,0,0,0,0,0,0,0,0,3,0,2,8.1,-6.1,0,4,2
2026,Round 15,20261505,Harry Perryman,2dbfbd,Collingwood,Coll,images/afl_logos/Coll-40.png,-2.7,0.2,1.5,-1.3,-2.2,8.41,-1.2,0.1,2.9,-4,0,28,38,0,0,66,9,4,13,38.5,240,109,2,3,0,6,0,3,3,2,2,8,2,1,0,1,0,1,0,0,0,0,0,0,0,0,0,0,2,1
2026,Round 15,20261505,Mitch Georgiades,14096fe,Port Adelaide,Port,images/afl_logos/Port-40.png,0,1,-3.1,-1.5,-3.6,6.87,-0.9,-3.3,3.5,-4.8,0,48,86,0,0,96,11,5,16,50,213,79,0,4,1,7,0,4,3,3,3,1,1,10,0,0,0,1,1,0,0,0,6,1,3,10.1,-1.1,0,7,0
2026,Round 15,20261505,Jack Buller,14093f0,Collingwood,Coll,images/afl_logos/Coll-40.png,-1.7,-3.5,-0.6,-2.3,-8.1,4.39,0,-5.9,5.2,-9.5,0,28,52,0,0,71,6,5,11,27.3,211,62,1,5,2,5,0,4,1,4,1,3,0,5,2,0,0,0,0,0,0,0,5,0,3,15,-12,0,7,0
2026,Round 15,20261505,Todd Marshall,14082c6,Port Adelaide,Port,images/afl_logos/Port-40.png,-4.3,-3.9,2,-3.9,-10,6.56,-1.7,-6.4,0.9,-7.2,0,19,50,0,0,75,8,2,10,20,167,76,1,3,1,8,0,1,1,1,1,4,0,5,0,0,0,0,0,0,0,0,5,0,3,11.9,-8.9,0,5,0
2026,Round 15,20261506,George Wardlaw,140caf5,North Melbourne,NM,images/afl_logos/NM-40.png,5.7,3.9,0.8,6.8,17.3,12.41,1.2,12.7,3.6,10.2,1,91,78,0.12,2,73,10,5,15,73.3,330,66,3,3,5,27,0,5,4,3,2,8,3,2,0,0,80,2,1,0,0,0,2,2,0,5.9,6.1,0,5,0
2026,Round 15,20261506,Tom Brown,140b1fe,Richmond,Rich,images/afl_logos/Rich-40.png,5.2,5.8,0.3,4.9,16.2,8.09,3.2,10.5,7.6,5.8,1,101,88,0.01,0,82,15,11,26,76.9,442,248,6,5,0,5,0,9,7,6,4,9,6,8,2,2,0,2,2,0,0,0,0,0,0,0,0,0,1,1
2026,Round 15,20261506,Caleb Daniel,230560,North Melbourne,NM,images/afl_logos/NM-40.png,5.7,5.1,3.9,1.4,16.1,8.49,0.7,13,4.7,9,10,149,153,1.93,34,93,24,16,40,90,493,644,2,3,0,2,3,5,4,4,4,15,4,16,0,0,0,2,1,0,0,0,0,0,0,0,0,1,6,1
2026,Round 15,20261506,Noah Balta,1407805,Richmond,Rich,images/afl_logos/Rich-40.png,1.1,2.5,1.4,11,16,8.07,4.6,10.8,6.1,6.6,0,68,66,0,0,80,8,2,10,50,341,0,4,3,2,9,0,7,5,4,3,1,0,3,1,0,20,2,2,22,11,2,3,2,1,9.4,3.6,0,3,0
2026,Round 15,20261506,Cooper Trembath,140ec34,North Melbourne,NM,images/afl_logos/NM-40.png,1.7,6.9,5.2,1.8,15.5,8.02,1.5,12.1,6.8,5.7,7,127,101,1.78,30,73,7,5,12,66.7,159,36,1,0,5,18,0,7,5,3,2,0,2,5,0,0,65,1,2,16,9,2,4,4,0,17.5,6.5,1,7,3
2026,Round 15,20261506,Toby Nankervis,23113e,Richmond,Rich,images/afl_logos/Rich-40.png,5,3.1,2.8,3.5,14.5,12.88,2.8,5.3,4.8,0.5,0,85,61,0,0,69,4,7,11,72.7,62,107,1,2,5,14,0,6,6,1,1,3,1,1,0,1,80,3,6,47,15,3,0,0,0,0,0,0,2,2
2026,Round 15,20261506,Harry Sheezel,140cb1e,North Melbourne,NM,images/afl_logos/NM-40.png,2.7,5.9,4.6,0.9,14.1,11.3,2.6,10.1,9.7,3.1,6,153,116,1.6,26,83,13,18,31,77.4,208,319,4,2,4,15,0,12,7,5,3,8,5,9,1,1,50,5,5,0,0,0,2,0,0,4.6,-4.6,1,7,1
2026,Round 15,20261506,Jacob Konstanty,140cb2a,North Melbourne,NM,images/afl_logos/NM-40.png,2.8,3.1,4.9,3.3,14.1,5.27,2,10.1,6.1,5.9,0,102,75,0,0,84,10,7,17,76.5,160,249,2,2,2,17,0,7,5,5,4,4,3,5,0,0,0,2,0,0,0,0,2,1,1,5.3,1.7,1,4,0
2026,Round 15,20261506,Tristan Xerri,14082a5,North Melbourne,NM,images/afl_logos/NM-40.png,1.1,2.9,3,6.9,14,14.65,3.9,5.6,9.2,1.5,0,106,92,0,0,66,8,6,14,64.3,192,113,2,0,7,12,0,11,5,6,2,3,3,3,3,1,10,3,4,37,15,3,1,1,0,4.9,1.1,0,5,3
2026,Round 15,20261506,Finn O'Sullivan,140de8f,North Melbourne,NM,images/afl_logos/NM-40.png,2.9,2.6,3.4,4.2,13.1,9.69,2.1,8.7,4.2,6.6,0,85,65,0,0,85,8,5,13,92.3,315,199,4,1,4,26,0,5,4,3,3,3,1,5,0,0,80,2,2,0,0,0,0,0,0,0,0,1,7,2
2026,Round 15,20261506,Tim Taranto,2dbf9c,Richmond,Rich,images/afl_logos/Rich-40.png,2.9,2.4,4.5,2.6,12.4,12.3,6.9,-0.1,9.2,0.2,0,98,73,0.01,0,82,8,15,23,69.6,234,244,4,1,4,23,0,15,11,5,4,6,4,1,0,0,90,7,7,1,0,0,2,0,1,6.4,-5.4,1,5,2
2026,Round 15,20261506,Charlie Comben,140ace5,North Melbourne,NM,images/afl_logos/NM-40.png,4.5,3.1,0.6,3.1,11.4,7.63,0,10.1,9.3,-0.1,0,102,65,0,0,89,10,3,13,100,71,181,0,2,2,5,0,5,2,5,2,4,8,8,3,6,0,0,0,0,0,0,0,0,0,0,0,0,2,2
2026,Round 15,20261506,Luke Parker,22f45a,North Melbourne,NM,images/afl_logos/NM-40.png,4.9,0.8,4.2,1.3,11.2,9.68,0.6,9.4,7.3,1.2,5,131,117,0.47,8,87,18,12,30,86.7,393,275,2,5,2,6,1,6,6,5,5,11,10,11,0,4,0,1,0,0,0,0,0,0,0,0,0,0,4,1
2026,Round 15,20261506,Sam Cumming,140d91b,Richmond,Rich,images/afl_logos/Rich-40.png,7.5,2.5,-0.1,0.8,10.7,5.24,1.8,7.2,5,4.1,0,91,71,0,0,71,7,11,18,83.3,264,262,5,3,3,11,0,7,4,4,4,8,2,3,0,0,75,1,3,0,0,0,1,1,0,2.7,3.3,1,4,0
2026,Round 15,20261506,Ben Miller,14078a3,Richmond,Rich,images/afl_logos/Rich-40.png,2.2,1.9,2.1,4.2,10.5,8.72,0,9.5,4.5,1.6,0,96,70,0,0,100,10,8,18,83.3,274,134,0,2,0,2,2,4,2,4,2,5,6,8,2,4,0,0,0,0,0,0,0,0,0,0,0,0,2,0
2026,Round 15,20261506,Jayden Short,2da7b1,Richmond,Rich,images/afl_logos/Rich-40.png,2.2,2.3,1.7,2.8,9,7.58,0,7.7,0.9,7.2,0,98,92,0,0,80,22,7,29,79.3,636,238,2,6,0,6,5,1,1,1,1,17,0,5,0,0,0,0,0,0,0,0,1,0,0,2.3,-2.3,0,4,1
2026,Round 15,20261506,Dylan Stephens,1408230,North Melbourne,NM,images/afl_logos/NM-40.png,0.4,2.5,1.6,4.2,8.7,6.34,0.9,5.9,3.2,3.7,0,78,59,0,0,79,9,7,16,93.8,88,206,2,0,0,15,0,3,3,2,2,7,2,5,0,1,0,0,1,0,0,0,1,1,0,5.1,0.9,2,7,1
2026,Round 15,20261506,Tyler Sonsie,140b21a,Richmond,Rich,images/afl_logos/Rich-40.png,5,1.6,0.1,1.9,8.7,6.69,2.2,5.6,4.9,3.5,0,44,33,0,0,79,8,3,11,72.7,178,147,2,2,0,11,0,5,5,3,3,4,2,2,0,1,0,1,2,0,0,0,0,0,0,0,0,0,2,1
2026,Round 15,20261506,Patrick Retschko,140ec91,Richmond,Rich,images/afl_logos/Rich-40.png,-0.4,3.5,1.5,2.8,7.4,6.18,0,5.2,4.7,1.1,0,49,50,0,0,81,10,4,14,64.3,337,148,4,6,3,9,0,6,6,6,6,6,6,2,0,0,0,0,0,0,0,0,1,0,0,2.6,-2.6,0,1,1
2026,Round 15,20261506,Kye Annand,140f210,Richmond,Rich,images/afl_logos/Rich-40.png,2.2,1.3,-1.4,5.1,7.2,5.92,1.5,5.9,6.6,2,0,60,58,0,0,85,10,4,14,85.7,193,14,0,4,1,2,0,5,3,4,2,2,8,7,1,4,0,1,0,0,0,0,0,0,0,0,0,0,0,0
2026,Round 15,20261506,Sam Banks,140a2cd,Richmond,Rich,images/afl_logos/Rich-40.png,2.2,0.9,3.4,0.3,6.8,7.42,-0.3,2,2.6,-0.9,0,90,88,0,0,82,14,12,26,84.6,464,240,5,5,0,6,4,4,3,3,2,11,3,7,0,0,0,0,0,0,0,0,1,0,0,2.5,-2.5,0,2,1
2026,Round 15,20261506,Liam Fawcett,140c6af,Richmond,Rich,images/afl_logos/Rich-40.png,1.8,0.2,0.8,4,6.7,4.29,0,5.3,2.7,1.5,0,35,37,0,0,58,4,1,5,100,112,47,2,1,1,6,0,1,0,1,0,0,1,4,0,0,0,0,0,0,0,0,1,1,0,6,0,0,2,1
2026,Round 15,20261506,Taylor Goad,140ea52,North Melbourne,NM,images/afl_logos/NM-40.png,4,0.4,1.9,0.1,6.4,5.56,1.6,2.1,2.1,0.5,0,44,32,0,0,29,0,3,3,66.7,8,10,1,0,5,6,0,3,2,1,1,0,1,0,0,0,25,0,2,22,6,1,0,0,0,0,0,0,0,0
2026,Round 15,20261506,Dion Prestia,22f3c3,Richmond,Rich,images/afl_logos/Rich-40.png,0,0,1.9,4.5,6.4,9.97,1.3,2,4.4,-0.2,0,65,72,0,0,80,8,12,20,75,194,188,4,2,2,16,0,7,6,3,3,6,4,6,0,1,85,1,5,0,0,0,0,0,0,0,0,0,2,2
2026,Round 15,20261506,Tom Blamires,140ad4b,North Melbourne,NM,images/afl_logos/NM-40.png,1.7,1,1.5,2,6.3,8.55,1.1,4,4.1,0.5,0,75,72,0,0,75,10,7,17,82.4,188,129,2,6,3,11,0,7,6,6,5,5,3,5,0,0,0,1,1,0,0,0,0,0,0,0,0,0,3,2
2026,Round 15,20261506,Seth Campbell,140ca2b,Richmond,Rich,images/afl_logos/Rich-40.png,0.1,2.8,3.4,-0.2,6.2,9.86,1.6,2.5,1.4,3.3,0,55,73,0,0,69,16,6,22,59.1,425,360,2,5,1,14,0,2,2,1,1,12,1,4,0,0,40,1,2,0,0,0,1,0,0,2.1,-2.1,0,4,0
2026,Round 15,20261506,Luke McDonald,230a23,North Melbourne,NM,images/afl_logos/NM-40.png,-1.5,3.1,-1.4,5.1,5.3,6.39,0,3.9,3.5,-0.9,0,75,64,0,0,91,10,6,16,93.8,320,169,0,5,1,6,2,5,3,5,3,4,6,6,0,0,0,0,0,0,0,0,0,0,0,0,0,0,2,1
2026,Round 15,20261506,Luke Davies-Uniacke,140781b,North Melbourne,NM,images/afl_logos/NM-40.png,0.8,1.6,2.3,0.5,5.2,13.8,1,2.1,2.7,0.3,0,58,66,0.03,0,78,9,9,18,77.8,364,210,4,3,2,11,0,5,4,2,2,6,1,4,0,0,85,2,3,0,0,0,1,0,1,2.9,-1.9,0,5,1
2026,Round 15,20261506,Taj Hotton,140ecaa,Richmond,Rich,images/afl_logos/Rich-40.png,1,-0.4,1.9,2.7,5.1,8.15,-0.8,4.2,3.8,-0.4,0,32,19,0,0,67,1,3,4,75,8,102,1,1,1,9,0,3,2,2,1,0,1,2,1,0,0,0,1,0,0,0,0,0,0,0,0,0,2,0
2026,Round 15,20261506,Cooper Harvey,140c133,North Melbourne,NM,images/afl_logos/NM-40.png,1,1.2,2.4,0.2,4.9,4.5,0,2.9,0.7,1.4,0,62,68,0,0,79,10,9,19,78.9,326,244,3,2,2,7,3,1,1,1,1,8,2,4,0,0,0,0,0,0,0,0,0,0,0,0,0,0,4,1
2026,Round 15,20261506,Jy Simpkin,2daf4e,North Melbourne,NM,images/afl_logos/NM-40.png,1.2,1.7,1.5,0.3,4.6,10.04,0.4,4.4,4,1,0,84,87,0.01,0,81,15,8,23,60.9,314,329,1,2,1,9,1,6,4,3,3,7,2,8,0,1,0,2,2,0,0,0,0,0,0,0,0,0,1,1
2026,Round 15,20261506,Nick Vlastuin,230392,Richmond,Rich,images/afl_logos/Rich-40.png,2.8,0.2,1.6,-0.2,4.3,8.24,1,0.3,3.5,0.4,0,66,47,0,0,78,7,4,11,100,224,104,3,1,2,6,2,4,3,3,2,1,3,5,1,1,0,1,0,0,0,0,0,0,0,0,0,0,1,1
2026,Round 15,20261506,Aidan Corr,2302ec,North Melbourne,NM,images/afl_logos/NM-40.png,-0.1,1.3,1.6,1.3,4.1,6.35,0,4.7,1.5,1.7,0,42,32,0,0,79,8,3,11,90.9,195,116,1,2,1,3,1,2,1,2,1,5,4,0,0,0,0,0,0,0,0,0,0,0,0,0,0,0,1,1
2026,Round 15,20261506,Nathan Broad,2305a3,Richmond,Rich,images/afl_logos/Rich-40.png,0,-0.4,0.3,4.2,4,7.52,0,4.3,4.3,-0.3,0,45,53,0,0,92,7,8,15,66.7,119,270,0,5,0,6,0,6,4,6,4,4,7,5,0,1,0,0,0,0,0,0,0,0,0,0,0,0,2,1
2026,Round 15,20261506,Cameron Zurhaar,2dc0d4,North Melbourne,NM,images/afl_logos/NM-40.png,-0.8,0.4,0.6,3.3,3.5,7.51,0,3.4,3.7,0.3,0,47,50,0,0,82,10,2,12,75,252,122,3,3,1,3,1,2,1,2,1,4,4,5,1,2,0,0,0,0,0,0,0,0,0,0,0,0,3,1
2026,Round 15,20261506,Mykelti Lefau,140916b,Richmond,Rich,images/afl_logos/Rich-40.png,1.1,4.3,-0.2,-1.7,3.5,7.05,0,2.6,4,-0.5,0,46,36,0,0,93,4,1,5,80,61,26,0,1,2,11,0,3,1,3,1,0,0,3,1,0,0,0,0,5,0,0,2,1,1,8,-1,0,2,0
2026,Round 15,20261506,Maurice Rioli,140948f,Richmond,Rich,images/afl_logos/Rich-40.png,1,-0.1,-0.2,2.5,3.3,7.12,0.3,2.3,3.2,-0.4,0,28,22,0,0,64,2,4,6,66.7,93,94,1,0,1,13,0,3,3,2,2,0,1,2,0,0,0,0,1,0,0,0,1,0,1,2.5,-1.5,0,2,0
2026,Round 15,20261506,Nick Larkey,1407339,North Melbourne,NM,images/afl_logos/NM-40.png,0.7,4,-0.4,-1.4,2.9,7.55,0,2,7,-5,0,73,64,0,0,88,5,6,11,72.7,86,137,0,3,2,7,0,4,2,4,2,1,0,7,1,0,0,0,0,0,0,0,2,1,1,7.2,-0.2,0,3,0
2026,Round 15,20261506,Sam Grlj,140fe23,Richmond,Rich,images/afl_logos/Rich-40.png,0.9,0.1,0.8,0.6,2.5,5.85,0.2,0.5,0.4,-0.1,0,24,27,0,0,63,3,3,6,83.3,16,79,1,0,2,19,0,1,0,1,0,3,1,1,0,0,10,0,0,0,0,0,0,0,0,0,0,0,0,0
2026,Round 15,20261506,Charlie Spargo,140782a,North Melbourne,NM,images/afl_logos/NM-40.png,0.4,-3,3.4,1,1.8,5.93,0,-1.6,1.1,-2.3,0,64,82,0,0,76,12,8,20,55,352,155,4,6,1,7,0,3,3,3,3,5,1,9,0,0,0,0,0,0,0,0,2,0,2,6.1,-4.1,1,4,0
2026,Round 15,20261506,Jasper Alger,140deb9,Richmond,Rich,images/afl_logos/Rich-40.png,1.4,4.7,-0.7,-3.6,1.8,5.42,0,0.4,3.1,-1.2,0,41,37,0,0,75,6,3,9,66.7,199,129,1,2,0,14,0,3,2,3,2,2,1,3,0,0,0,0,0,0,0,0,4,1,2,8.7,-0.7,0,5,1
2026,Round 15,20261506,James Trezise,140eb95,Richmond,Rich,images/afl_logos/Rich-40.png,-0.8,1.1,0,1,1.3,7.01,-1,0.1,3.7,-3.6,0,73,94,0,0,86,7,13,20,60,170,313,0,4,7,12,0,6,3,3,3,8,1,6,0,0,0,3,2,0,0,0,1,0,0,1.4,-1.4,0,3,0
2026,Round 15,20261506,Colby McKercher,140ce10,North Melbourne,NM,images/afl_logos/NM-40.png,-0.1,-0.1,0.6,0.4,0.8,8.6,1.1,-1.8,1,0.2,0,73,81,0.01,0,85,15,7,22,72.7,428,170,4,3,2,17,0,2,1,1,0,11,1,7,0,0,5,1,0,0,0,0,2,0,1,6.6,-5.6,0,6,0
2026,Round 15,20261506,Jack Darling,22f496,North Melbourne,NM,images/afl_logos/NM-40.png,0.6,0.4,-3.5,2.8,0.2,8.23,0.8,-1.9,5.8,-5.2,0,41,60,0,0,75,7,3,10,50,147,74,1,5,4,9,0,5,2,4,1,1,0,6,2,0,0,1,0,0,0,0,2,0,1,7.6,-6.6,0,3,1
2026,Round 15,20261506,Steely Green,140c950,Richmond,Rich,images/afl_logos/Rich-40.png,0.7,-2.2,-0.5,-0.4,-2.4,6.56,-0.8,-2,1,-3.2,0,15,32,0,0,83,6,3,9,44.4,77,40,0,5,1,15,0,1,1,1,1,4,0,2,0,0,0,0,0,0,0,0,0,0,0,0,0,0,1,0
2026,Round 15,20261506,Zane Duursma,140cb06,North Melbourne,NM,images/afl_logos/NM-40.png,-1,-2.8,1.3,-0.9,-3.4,5.19,0,-4,4.1,-7.5,0,36,36,0,0,69,7,0,7,42.9,126,95,0,1,0,5,0,4,0,4,0,0,0,4,1,0,0,0,0,0,0,0,4,0,3,12.2,-9.2,0,5,0
2026,Round 15,20261507,Nasiah Wanganeen-Milera,140abd3,St Kilda,St K,images/afl_logos/stk-40.png,6.3,9.1,3.6,3.7,22.7,15.73,-0.9,20.3,5.4,14,7,144,136,2.03,27,78,31,13,44,75,916,486,5,6,1,17,6,7,6,6,5,25,4,2,0,0,21,1,1,0,0,0,2,1,0,6.9,-0.9,0,6,2
2026,Round 15,20261507,Hugo Garcia,140dbce,St Kilda,St K,images/afl_logos/stk-40.png,4.7,3.9,2.2,8.7,19.5,11.45,5.6,10.3,8.1,8.6,6,122,134,0.62,3,83,16,20,36,69.4,464,345,4,4,7,24,0,13,12,4,4,17,3,4,0,0,79,8,7,0,0,0,1,1,0,2.2,3.8,0,4,1
2026,Round 15,20261507,Bradley Hill,230720,St Kilda,St K,images/afl_logos/stk-40.png,2.4,2.1,3.7,9.4,17.6,8.28,1.7,12.1,5.3,7.7,0,113,115,0.03,0,85,24,13,37,86.5,765,401,4,4,1,9,4,7,5,6,4,19,6,4,0,0,0,1,0,0,0,0,0,0,0,0,0,0,5,2
2026,Round 15,20261507,James O'Donnell,140f006,Western Bulldogs,WB,images/afl_logos/WB-40.png,2,9.7,1.4,4,17.1,7.93,0.1,14.8,6.9,2.8,1,93,61,0.01,0,95,10,5,15,100,258,170,3,1,2,5,0,6,3,6,3,5,7,4,0,2,0,0,0,0,0,0,0,0,0,0,0,1,5,2
2026,Round 15,20261507,Bailey Dale,2db9e4,Western Bulldogs,WB,images/afl_logos/WB-40.png,6.8,2.4,4.6,2.9,16.7,12.86,1.3,13.3,5.3,9.9,5,109,101,0.35,1,82,25,5,30,83.3,771,390,4,3,0,8,7,5,4,4,3,9,9,6,0,3,0,1,0,0,0,0,0,0,0,0,0,0,2,1
2026,Round 15,20261507,Matthew Kennedy,14074b6,Western Bulldogs,WB,images/afl_logos/WB-40.png,9,4.7,1.3,1.1,16,10.51,4.3,9,9.5,5.1,0,108,114,0.05,0,71,13,15,28,67.9,375,297,1,3,4,18,0,13,12,8,8,6,4,7,0,0,25,4,2,9,2,1,1,1,0,2.8,3.2,0,6,2
2026,Round 15,20261507,Lachlan McNeil,1409277,Western Bulldogs,WB,images/afl_logos/WB-40.png,5.6,1.3,6.8,1.9,15.7,7.02,-0.3,13.4,7.9,4.6,0,95,64,0,0,77,9,9,18,77.8,300,236,1,2,1,9,0,10,9,9,8,6,2,3,0,0,0,1,0,0,0,0,2,1,0,6.5,-0.5,1,7,2
2026,Round 15,20261507,Marcus Bontempelli,230e1d,Western Bulldogs,WB,images/afl_logos/WB-40.png,1.6,5.5,4.4,3.6,15.1,18.33,6.2,3.8,7.9,3.5,10,142,127,2.67,69,81,12,22,34,76.5,474,520,4,7,7,24,0,15,9,1,1,12,0,5,0,0,79,13,14,10,3,0,1,1,0,3.2,2.8,0,8,2
2026,Round 15,20261507,Campbell Lake,140cd2f,St Kilda,St K,images/afl_logos/stk-40.png,2.2,1.3,5.9,4.4,13.8,4.93,2.8,8.5,7.3,3.7,0,59,59,0,0,84,3,12,15,80,61,246,2,1,2,13,0,7,7,4,4,4,3,4,0,1,0,2,0,0,0,0,1,1,0,2.1,3.9,0,4,1
2026,Round 15,20261507,Ed Richards,1408f98,Western Bulldogs,WB,images/afl_logos/WB-40.png,2.7,2.9,2.3,5.4,13.3,16.1,2.8,9.3,3.6,8.6,0,72,85,0.04,0,72,17,6,23,60.9,435,174,4,5,2,15,0,5,3,1,1,10,2,4,0,1,75,4,4,0,0,0,2,0,1,6.5,-5.5,2,5,1
2026,Round 15,20261507,Callum Wilkie,230a66,St Kilda,St K,images/afl_logos/stk-40.png,4.8,1.2,5.4,1.3,12.8,10.1,0,12.6,6.5,4.3,0,130,123,0.01,0,100,19,7,26,92.3,513,269,1,1,2,6,0,5,2,5,2,5,9,14,2,3,0,0,0,0,0,0,1,0,1,4.1,-3.1,0,3,2
2026,Round 15,20261507,Rowan Marshall,2da954,St Kilda,St K,images/afl_logos/stk-40.png,1.9,4.7,2,3.6,12.2,10.7,6.2,3.2,10,-0.4,0,90,96,0,0,73,7,15,22,50,170,218,4,2,2,6,0,16,6,5,1,3,2,3,3,1,54,6,12,56,25,6,1,0,1,1.5,-0.5,0,5,4
2026,Round 15,20261507,Darcy Wilson,140dc23,St Kilda,St K,images/afl_logos/stk-40.png,1.6,1.1,2.6,6.9,12.1,9.69,2.7,5.9,3,6.4,0,94,97,0.01,0,89,11,13,24,91.7,307,361,4,2,3,24,0,7,2,1,1,11,0,6,0,0,29,5,6,0,0,0,2,1,1,6.7,0.3,1,5,0
2026,Round 15,20261507,Jack Silvagni,1407344,St Kilda,St K,images/afl_logos/stk-40.png,2.3,2,5.1,2.6,11.9,8.43,0,10.1,9.9,1.2,0,102,84,0,0,96,13,8,21,95.2,175,199,1,3,3,9,1,9,6,9,6,5,10,8,1,3,0,0,0,0,0,0,0,0,0,0,0,0,1,0
2026,Round 15,20261507,Tom Liberatore,22f46f,Western Bulldogs,WB,images/afl_logos/WB-40.png,3.7,-0.6,5.4,3.2,11.7,13.46,2.5,4.5,4.2,2.8,0,95,91,0.02,0,69,13,10,23,65.2,294,210,4,2,5,20,0,7,6,2,2,9,2,4,0,0,38,5,3,0,0,0,0,0,0,0,0,3,6,1
2026,Round 15,20261507,Joel Freijah,140db78,Western Bulldogs,WB,images/afl_logos/WB-40.png,2.4,5.3,3.5,-0.1,11.1,11.02,5.3,1.4,6.9,-0.2,0,81,86,0.05,0,76,17,7,24,62.5,308,336,0,5,1,18,0,11,8,4,3,7,3,5,0,0,46,5,5,2,0,0,1,0,1,1.9,-0.9,0,5,2
2026,Round 15,20261507,Will Lewis,140fc48,Western Bulldogs,WB,images/afl_logos/WB-40.png,10.5,3.2,-0.6,-2,11,6.04,0,12.6,4.4,8.4,0,55,70,0,0,77,8,4,12,75,324,82,2,5,4,13,0,4,4,4,4,3,1,4,0,0,0,0,0,0,0,0,4,2,1,11.3,1.7,1,6,0
2026,Round 15,20261507,Buku Khamis,2dc1fe,Western Bulldogs,WB,images/afl_logos/WB-40.png,1.9,4,0.3,4.7,10.9,7.77,0,11.5,6.4,2.1,1,67,61,0.01,0,100,8,7,15,100,140,239,0,2,1,3,0,5,1,5,1,5,7,5,0,2,0,0,0,0,0,0,0,0,0,0,0,0,3,1
2026,Round 15,20261507,Tim English,1408130,Western Bulldogs,WB,images/afl_logos/WB-40.png,0.5,1.2,6.3,1.7,9.6,11.98,3.4,1.5,5.6,-1.3,0,108,99,0.01,0,82,8,7,15,80,208,241,4,2,5,13,0,6,3,4,3,2,5,5,0,2,79,2,2,59,25,9,0,0,0,0,0,0,6,3
2026,Round 15,20261507,Connor Budarick,1409046,Western Bulldogs,WB,images/afl_logos/WB-40.png,3,2.7,1.7,2.3,9.6,6.48,0,7.6,4.2,2.9,0,77,67,0.01,0,79,12,7,19,84.2,320,309,0,2,1,7,5,5,3,5,3,5,6,4,1,1,0,0,0,0,0,0,0,0,0,0,0,0,3,1
2026,Round 15,20261507,Ryan Byrnes,1409e1a,St Kilda,St K,images/afl_logos/stk-40.png,-0.4,3.9,0,5.8,9.4,6.82,-0.8,7.5,2.7,4.4,0,73,80,0,0,80,10,7,17,82.4,222,261,2,1,2,13,0,4,3,4,3,5,2,8,0,0,0,0,0,0,0,0,2,1,0,5.2,0.8,1,4,0
2026,Round 15,20261507,Mason Wood,23062c,St Kilda,St K,images/afl_logos/stk-40.png,3.3,5.5,1.1,-1.1,8.7,8.69,-0.2,6.3,3,1.8,0,94,108,0,0,90,13,10,23,82.6,330,277,3,4,4,14,0,4,3,2,1,5,2,11,1,0,0,0,2,0,0,0,0,0,0,0,0,0,4,0
2026,Round 15,20261507,Michael Sellwood,140bfcd,Western Bulldogs,WB,images/afl_logos/WB-40.png,2,4.5,0,2.1,8.6,5.17,0,6.9,4.2,-0.5,0,41,46,0,0,85,5,8,13,76.9,106,101,0,3,0,6,0,4,3,4,3,4,4,5,1,1,0,0,0,0,0,0,0,0,0,0,0,0,1,0
2026,Round 15,20261507,Jack Macrae,2306ab,St Kilda,St K,images/afl_logos/stk-40.png,2,2.2,0.9,3,8.1,9.58,4,0.3,5.5,-1.2,0,58,71,0,0,64,8,15,23,60.9,221,273,5,5,2,11,0,12,10,2,2,8,1,3,0,0,46,7,8,0,0,0,0,0,0,0,0,0,3,1
2026,Round 15,20261507,Anthony Caminiti,140cc28,St Kilda,St K,images/afl_logos/stk-40.png,2.5,-0.3,3.5,2.3,8,7.09,0,7.9,4.1,1.1,0,54,41,0,0,89,5,4,9,88.9,173,127,1,2,3,5,0,3,1,3,1,4,3,4,1,2,0,0,0,0,0,0,0,0,0,0,0,0,1,0
2026,Round 15,20261507,Ryley Sanders,140b553,Western Bulldogs,WB,images/afl_logos/WB-40.png,5.3,0.1,-0.6,3.2,7.9,10.76,1.6,2,3.1,1.9,0,63,78,0.01,0,79,9,11,20,75,180,227,0,3,4,25,0,6,6,1,1,9,1,5,0,0,38,2,4,0,0,0,1,0,1,2.6,-1.6,0,4,1
2026,Round 15,20261507,Lachlan Bramble,14072a0,Western Bulldogs,WB,images/afl_logos/WB-40.png,0.4,4.7,0.1,2.5,7.7,6.82,0.5,3.9,2.5,1.9,0,64,53,0,0,84,9,7,16,68.8,242,203,2,3,2,12,1,4,3,3,2,8,3,1,0,0,0,1,0,0,0,0,0,0,0,0,0,2,3,1
2026,Round 15,20261507,Arthur Jones,140bfaa,Western Bulldogs,WB,images/afl_logos/WB-40.png,-1.2,3,-0.2,6,7.6,6.7,0,5.6,4.5,0.3,0,70,55,0,0,68,6,5,11,72.7,199,85,3,2,2,14,0,6,2,6,2,2,3,3,0,0,0,0,0,0,0,0,2,1,1,6.3,0.7,0,5,0
2026,Round 15,20261507,Tom De Koning,1408270,St Kilda,St K,images/afl_logos/stk-40.png,5.9,1,0,0,6.8,9.9,1.9,2.7,5.6,0.5,0,50,42,0,0,36,6,2,8,50,124,104,2,3,1,4,0,6,3,4,2,1,2,2,1,0,38,1,2,25,12,5,2,1,1,7.7,-0.7,0,4,0
2026,Round 15,20261507,Liam Stocker,1408fb8,St Kilda,St K,images/afl_logos/stk-40.png,0.1,2,1.7,2.5,6.4,4.59,0,4.7,1.9,2.3,0,46,54,0,0,83,8,3,11,72.7,215,116,1,1,3,8,0,3,3,3,3,4,4,4,0,1,0,0,0,0,0,0,0,0,0,0,0,0,1,1
2026,Round 15,20261507,Max Hall,140c0b7,St Kilda,St K,images/afl_logos/stk-40.png,2.2,4.5,-0.8,0.5,6.4,12.51,1.6,2.8,4.9,0.7,0,69,74,0,0,83,7,14,21,66.7,315,183,4,2,5,18,0,8,6,4,4,10,2,3,0,0,58,2,4,0,0,0,2,0,2,5.3,-3.3,0,5,2
2026,Round 15,20261507,Marcus Windhager,140ca26,St Kilda,St K,images/afl_logos/stk-40.png,1.8,1.7,0.2,2.6,6.4,7.8,3,-2.6,7.1,-5.6,0,99,110,0.03,0,85,16,18,34,70.6,394,193,8,5,3,24,0,10,7,4,3,17,4,6,0,0,62,5,6,0,0,0,0,0,0,0,0,1,7,2
2026,Round 15,20261507,Luke Kennedy,140ecb0,Western Bulldogs,WB,images/afl_logos/WB-40.png,2.3,1.6,0.1,2.1,6.1,5.38,0.2,3.5,3,1.6,0,36,49,0,0,67,6,3,9,66.7,112,26,2,1,3,23,0,3,1,2,0,5,1,2,1,0,0,0,0,0,0,0,1,1,0,2.5,3.5,0,4,1
2026,Round 15,20261507,Angus Hastie,140dc20,St Kilda,St K,images/afl_logos/stk-40.png,1.5,2.7,1.7,0,5.8,4.63,0,4.8,1.9,3.9,0,47,45,0,0,75,8,5,13,84.6,258,160,3,1,2,6,0,1,1,1,1,10,3,1,0,1,0,0,0,0,0,0,0,0,0,0,0,0,3,0
2026,Round 15,20261507,Cooper Hynes,140e250,Western Bulldogs,WB,images/afl_logos/WB-40.png,-1,5.3,1.5,0.1,5.8,5.86,0.3,2.1,4.4,0.1,0,79,84,0.01,0,84,14,6,20,65,388,122,2,6,4,14,0,5,3,4,3,10,4,4,1,0,0,1,0,0,0,0,3,1,1,10.1,-3.1,0,3,0
2026,Round 15,20261507,Cooper Sharman,140b5a2,St Kilda,St K,images/afl_logos/stk-40.png,4.5,0.2,0.4,-0.4,4.7,8.34,0,2.9,5.2,-1.7,0,53,66,0,0,93,10,4,14,57.1,242,39,2,5,0,12,0,3,1,3,1,4,0,7,2,0,0,0,0,0,0,0,4,1,1,11.5,-4.5,1,5,0
2026,Round 15,20261507,Jack Higgins,14077f3,St Kilda,St K,images/afl_logos/stk-40.png,4.9,-2.7,2.7,-0.6,4.3,8.23,-0.7,3.7,7,-1.6,0,56,39,0,0,78,4,6,10,40,83,64,0,1,1,9,0,7,4,5,3,3,2,1,0,0,0,0,1,0,0,0,4,1,1,9.1,-2.1,0,3,1
2026,Round 15,20261507,Jordan Croft,140a5ec,Western Bulldogs,WB,images/afl_logos/WB-40.png,1.4,-0.1,3.1,-0.5,3.9,5.2,1.4,1.2,0.2,1.8,0,29,35,0,0,77,6,4,10,70,248,34,3,1,2,16,0,1,0,0,0,7,0,2,0,0,0,1,1,1,0,0,1,0,1,3,-2,0,3,0
2026,Round 15,20261507,Aaron Naughton,14078a4,Western Bulldogs,WB,images/afl_logos/WB-40.png,-1.4,1.6,0.4,3.2,3.8,10.03,0,4.2,3,2,0,40,44,0,0,80,5,3,8,62.5,142,1,1,1,0,7,0,2,1,2,1,1,0,3,0,0,0,0,0,0,0,0,3,2,1,11.5,1.5,0,4,0
2026,Round 15,20261507,Rory Lobb,2da294,Western Bulldogs,WB,images/afl_logos/WB-40.png,1.1,0.4,-1.8,3.9,3.6,8.28,-0.2,0.9,3.9,-0.5,0,34,32,0,0,67,3,3,6,66.7,66,5,0,1,1,12,0,3,1,2,1,1,0,2,1,0,21,0,1,13,1,0,2,2,0,11.3,0.7,0,3,0
2026,Round 15,20261507,Nick Coffield,1408595,Western Bulldogs,WB,images/afl_logos/WB-40.png,0,2.5,1.2,-0.2,3.5,6.73,0,3.4,1.5,0.9,0,68,83,0,0,74,12,6,18,72.2,354,206,2,5,2,4,0,2,2,2,2,6,4,9,0,1,0,0,0,0,0,0,0,0,0,0,0,0,2,1
2026,Round 15,20261507,Dan Butler,2da8f6,St Kilda,St K,images/afl_logos/stk-40.png,1.2,1.2,0.6,-1.5,1.6,4.79,-0.9,1.6,3.8,-1.4,0,19,40,0,0,80,6,4,10,30,169,58,4,6,5,19,0,5,4,4,3,5,1,1,1,0,4,0,0,0,0,0,1,0,0,2.6,-2.6,0,4,1
2026,Round 15,20261507,Rhylee West,140872f,Western Bulldogs,WB,images/afl_logos/WB-40.png,-0.4,1.6,-1.4,1.6,1.5,9.62,0.7,-0.5,3.8,-3,0,41,47,0,0,75,6,3,9,44.4,184,45,3,2,3,11,0,4,4,3,3,1,1,4,0,0,0,1,1,0,0,0,2,0,2,5.4,-3.4,1,4,1
2026,Round 15,20261507,Jack Sinclair,2db0d5,St Kilda,St K,images/afl_logos/stk-40.png,1,0,0,0,1,13.01,0,0.6,0.7,-0.1,0,4,2,0,0,9,0,1,1,100,-10,36,0,0,0,1,0,1,1,1,1,0,1,0,0,0,0,0,0,0,0,0,0,0,0,0,0,0,0,0
2026,Round 15,20261507,Mitch Owens,140ca28,St Kilda,St K,images/afl_logos/stk-40.png,2,0.3,1.1,-4.2,-0.8,8.99,-0.1,-3.2,7.2,-9.5,0,50,58,0,0,89,5,9,14,42.9,49,122,1,2,3,9,0,10,7,6,4,1,3,3,1,0,8,2,2,13,4,0,2,0,2,7.5,-5.5,0,5,1
2026,Round 15,20261507,Liam Ryan,140804c,St Kilda,St K,images/afl_logos/stk-40.png,1.7,-1.2,0.2,-3.4,-2.8,8.41,0,-5,2.2,-3.8,0,6,19,0,0,79,4,2,6,50,138,15,0,7,3,11,0,3,3,3,3,2,0,1,0,0,0,0,0,0,0,0,2,0,0,5.2,-5.2,0,0,0
